Date,Equipment_ID,Operating_Hours
2024-07-01,EQ001,8.7
2024-07-02,EQ001,0.0
2024-07-03,EQ001,10.6
2024-07-04,EQ001,5.0
2024-07-05,EQ001,3.3
2024-07-06,EQ001,10.3
2024-07-07,EQ001,6.4
2024-07-08,EQ001,4.0
2024-07-09,EQ001,5.4
2024-07-10,EQ001,0.0
2024-07-11,EQ001,4.6
2024-07-12,EQ001,8.4
2024-07-13,EQ001,0.0
2024-07-14,EQ001,9.7
2024-07-15,EQ001,10.7
2024-07-16,EQ001,10.7
2024-07-17,EQ001,10.3
2024-07-18,EQ001,7.4
2024-07-19,EQ001,6.1
2024-07-20,EQ001,0.0
2024-07-21,EQ001,3.5
2024-07-22,EQ001,11.3
2024-07-23,EQ001,7.5
2024-07-24,EQ001,6.8
2024-07-25,EQ001,11.5
2024-07-26,EQ001,5.3
2024-07-27,EQ001,10.5
2024-07-28,EQ001,8.9
2024-07-29,EQ001,4.9
2024-07-30,EQ001,7.8
2024-07-31,EQ001,10.9
2024-08-01,EQ001,10.4
2024-08-02,EQ001,12.5
2024-08-03,EQ001,9.0
2024-08-04,EQ001,18.1
2024-08-05,EQ001,5.2
2024-08-06,EQ001,6.8
2024-08-07,EQ001,7.8
2024-08-08,EQ001,3.7
2024-08-09,EQ001,11.1
2024-08-10,EQ001,10.7
2024-08-11,EQ001,0.0
2024-08-12,EQ001,8.1
2024-08-13,EQ001,6.4
2024-08-14,EQ001,3.5
2024-08-15,EQ001,5.6
2024-08-16,EQ001,10.2
2024-08-17,EQ001,7.4
2024-08-18,EQ001,6.7
2024-08-19,EQ001,9.5
2024-08-20,EQ001,11.5
2024-08-21,EQ001,8.8
2024-08-22,EQ001,8.9
2024-08-23,EQ001,12.1
2024-08-24,EQ001,8.5
2024-08-25,EQ001,7.1
2024-08-26,EQ001,10.0
2024-08-27,EQ001,7.2
2024-08-28,EQ001,6.9
2024-08-29,EQ001,11.8
2024-08-30,EQ001,7.1
2024-08-31,EQ001,0.0
2024-09-01,EQ001,9.0
2024-09-02,EQ001,6.8
2024-09-03,EQ001,7.1
2024-09-04,EQ001,9.4
2024-09-05,EQ001,7.5
2024-09-06,EQ001,0.0
2024-09-07,EQ001,8.6
2024-09-08,EQ001,1.9
2024-09-09,EQ001,5.2
2024-09-10,EQ001,12.2
2024-09-11,EQ001,7.9
2024-09-12,EQ001,3.0
2024-09-13,EQ001,4.8
2024-09-14,EQ001,5.0
2024-09-15,EQ001,8.3
2024-09-16,EQ001,6.7
2024-09-17,EQ001,6.0
2024-09-18,EQ001,8.0
2024-09-19,EQ001,9.4
2024-09-20,EQ001,7.2
2024-09-21,EQ001,6.3
2024-09-22,EQ001,6.7
2024-09-23,EQ001,9.0
2024-09-24,EQ001,8.0
2024-09-25,EQ001,10.3
2024-09-26,EQ001,4.6
2024-09-27,EQ001,5.7
2024-09-28,EQ001,0.0
2024-09-29,EQ001,10.3
2024-09-30,EQ001,5.6
2024-10-01,EQ001,12.2
2024-10-02,EQ001,12.2
2024-10-03,EQ001,12.2
2024-10-04,EQ001,5.4
2024-10-05,EQ001,8.2
2024-10-06,EQ001,6.5
2024-10-07,EQ001,10.8
2024-10-08,EQ001,13.1
2024-10-09,EQ001,0.0
2024-10-10,EQ001,10.6
2024-10-11,EQ001,8.0
2024-10-12,EQ001,6.9
2024-10-13,EQ001,9.9
2024-10-14,EQ001,4.3
2024-10-15,EQ001,9.6
2024-10-16,EQ001,5.3
2024-10-17,EQ001,9.9
2024-10-18,EQ001,7.5
2024-10-19,EQ001,6.8
2024-10-20,EQ001,5.3
2024-10-21,EQ001,6.9
2024-10-22,EQ001,9.7
2024-10-23,EQ001,11.1
2024-10-24,EQ001,9.6
2024-10-25,EQ001,12.1
2024-10-26,EQ001,15.6
2024-10-27,EQ001,7.0
2024-10-28,EQ001,7.4
2024-10-29,EQ001,3.7
2024-10-30,EQ001,11.6
2024-10-31,EQ001,11.9
2024-11-01,EQ001,5.4
2024-11-02,EQ001,0.0
2024-11-03,EQ001,9.9
2024-11-04,EQ001,0.0
2024-11-05,EQ001,11.7
2024-11-06,EQ001,8.7
2024-11-07,EQ001,10.5
2024-11-08,EQ001,8.5
2024-11-09,EQ001,4.3
2024-11-10,EQ001,11.1
2024-11-11,EQ001,12.0
2024-11-12,EQ001,10.2
2024-11-13,EQ001,5.1
2024-11-14,EQ001,5.7
2024-11-15,EQ001,4.6
2024-11-16,EQ001,10.3
2024-11-17,EQ001,11.8
2024-11-18,EQ001,9.3
2024-11-19,EQ001,10.8
2024-11-20,EQ001,5.4
2024-11-21,EQ001,8.4
2024-11-22,EQ001,3.9
2024-11-23,EQ001,5.7
2024-11-24,EQ001,10.6
2024-11-25,EQ001,7.3
2024-11-26,EQ001,11.6
2024-11-27,EQ001,9.6
2024-11-28,EQ001,16.2
2024-11-29,EQ001,8.3
2024-11-30,EQ001,3.8
2024-12-01,EQ001,7.9
2024-12-02,EQ001,5.1
2024-12-03,EQ001,10.9
2024-12-04,EQ001,8.1
2024-12-05,EQ001,7.6
2024-12-06,EQ001,7.6
2024-12-07,EQ001,10.2
2024-12-08,EQ001,6.6
2024-12-09,EQ001,10.3
2024-12-10,EQ001,11.1
2024-12-11,EQ001,7.0
2024-12-12,EQ001,5.2
2024-12-13,EQ001,6.5
2024-12-14,EQ001,10.1
2024-12-15,EQ001,8.3
2024-12-16,EQ001,9.9
2024-12-17,EQ001,13.3
2024-12-18,EQ001,8.7
2024-12-19,EQ001,5.6
2024-12-20,EQ001,11.2
2024-12-21,EQ001,8.2
2024-12-22,EQ001,10.6
2024-12-23,EQ001,11.2
2024-12-24,EQ001,5.1
2024-12-25,EQ001,12.1
2024-12-26,EQ001,10.7
2024-12-27,EQ001,6.2
2024-12-28,EQ001,8.9
2024-12-29,EQ001,8.8
2024-12-30,EQ001,8.1
2024-12-31,EQ001,10.6
2025-01-01,EQ001,12.3
2025-01-02,EQ001,8.0
2025-01-03,EQ001,12.0
2025-01-04,EQ001,11.0
2025-01-05,EQ001,8.7
2025-01-06,EQ001,8.5
2025-01-07,EQ001,4.5
2025-01-08,EQ001,3.5
2025-01-09,EQ001,8.5
2025-01-10,EQ001,5.4
2025-01-11,EQ001,7.9
2025-01-12,EQ001,6.4
2025-01-13,EQ001,2.6
2025-01-14,EQ001,9.1
2025-01-15,EQ001,6.8
2025-01-16,EQ001,8.2
2025-01-17,EQ001,5.3
2025-01-18,EQ001,7.0
2025-01-19,EQ001,12.7
2025-01-20,EQ001,8.4
2025-01-21,EQ001,9.6
2025-01-22,EQ001,4.2
2025-01-23,EQ001,15.2
2025-01-24,EQ001,13.5
2025-01-25,EQ001,12.1
2025-01-26,EQ001,10.5
2025-01-27,EQ001,8.0
2025-01-28,EQ001,9.3
2025-01-29,EQ001,11.1
2025-01-30,EQ001,6.1
2025-01-31,EQ001,6.7
2025-02-01,EQ001,3.0
2025-02-02,EQ001,5.7
2025-02-03,EQ001,13.0
2025-02-04,EQ001,7.0
2025-02-05,EQ001,7.0
2025-02-06,EQ001,9.0
2025-02-07,EQ001,3.2
2025-02-08,EQ001,10.8
2025-02-09,EQ001,11.8
2025-02-10,EQ001,9.1
2025-02-11,EQ001,13.0
2025-02-12,EQ001,4.0
2025-02-13,EQ001,13.5
2025-02-14,EQ001,5.8
2025-02-15,EQ001,4.2
2025-02-16,EQ001,7.3
2025-02-17,EQ001,13.6
2025-02-18,EQ001,7.9
2025-02-19,EQ001,5.2
2025-02-20,EQ001,4.1
2025-02-21,EQ001,7.7
2025-02-22,EQ001,2.0
2025-02-23,EQ001,4.1
2025-02-24,EQ001,12.6
2025-02-25,EQ001,12.0
2025-02-26,EQ001,7.6
2025-02-27,EQ001,6.6
2025-02-28,EQ001,8.2
2025-03-01,EQ001,15.0
2025-03-02,EQ001,9.2
2025-03-03,EQ001,10.7
2025-03-04,EQ001,7.4
2025-03-05,EQ001,8.2
2025-03-06,EQ001,9.9
2025-03-07,EQ001,8.4
2025-03-08,EQ001,2.3
2025-03-09,EQ001,11.8
2025-03-10,EQ001,6.2
2025-03-11,EQ001,14.3
2025-03-12,EQ001,10.1
2025-03-13,EQ001,8.2
2025-03-14,EQ001,9.3
2025-03-15,EQ001,7.7
2025-03-16,EQ001,6.5
2025-03-17,EQ001,8.6
2025-03-18,EQ001,10.7
2025-03-19,EQ001,6.6
2025-03-20,EQ001,6.1
2025-03-21,EQ001,6.9
2025-03-22,EQ001,10.9
2025-03-23,EQ001,12.4
2025-03-24,EQ001,9.1
2025-03-25,EQ001,9.7
2025-03-26,EQ001,6.1
2025-03-27,EQ001,0.0
2025-03-28,EQ001,10.6
2025-03-29,EQ001,9.7
2025-03-30,EQ001,5.9
2025-03-31,EQ001,2.6
2025-04-01,EQ001,4.3
2025-04-02,EQ001,6.0
2025-04-03,EQ001,11.5
2025-04-04,EQ001,12.7
2025-04-05,EQ001,6.7
2025-04-06,EQ001,6.8
2025-04-07,EQ001,8.8
2025-04-08,EQ001,8.0
2025-04-09,EQ001,10.8
2025-04-10,EQ001,6.4
2025-04-11,EQ001,10.8
2025-04-12,EQ001,7.3
2025-04-13,EQ001,10.6
2025-04-14,EQ001,7.2
2025-04-15,EQ001,6.2
2025-04-16,EQ001,13.7
2025-04-17,EQ001,0.0
2025-04-18,EQ001,11.2
2025-04-19,EQ001,2.6
2025-04-20,EQ001,6.7
2025-04-21,EQ001,11.6
2025-04-22,EQ001,4.4
2025-04-23,EQ001,10.3
2025-04-24,EQ001,0.0
2025-04-25,EQ001,10.0
2025-04-26,EQ001,5.9
2025-04-27,EQ001,8.0
2025-04-28,EQ001,1.7
2025-04-29,EQ001,13.3
2025-04-30,EQ001,7.1
2025-05-01,EQ001,10.4
2025-05-02,EQ001,9.8
2025-05-03,EQ001,12.1
2025-05-04,EQ001,6.7
2025-05-05,EQ001,8.6
2025-05-06,EQ001,9.7
2025-05-07,EQ001,10.6
2025-05-08,EQ001,11.5
2025-05-09,EQ001,6.6
2025-05-10,EQ001,6.0
2025-05-11,EQ001,12.1
2025-05-12,EQ001,1.9
2025-05-13,EQ001,12.7
2025-05-14,EQ001,7.1
2025-05-15,EQ001,8.0
2025-05-16,EQ001,6.0
2025-05-17,EQ001,7.9
2025-05-18,EQ001,11.8
2025-05-19,EQ001,10.3
2025-05-20,EQ001,9.5
2025-05-21,EQ001,0.0
2025-05-22,EQ001,8.3
2025-05-23,EQ001,3.7
2025-05-24,EQ001,5.5
2025-05-25,EQ001,7.0
2025-05-26,EQ001,9.4
2025-05-27,EQ001,8.2
2025-05-28,EQ001,11.0
2025-05-29,EQ001,9.4
2025-05-30,EQ001,8.2
2025-05-31,EQ001,14.8
2025-06-01,EQ001,9.2
2025-06-02,EQ001,6.7
2025-06-03,EQ001,13.6
2025-06-04,EQ001,11.6
2025-06-05,EQ001,13.4
2025-06-06,EQ001,7.7
2025-06-07,EQ001,10.9
2025-06-08,EQ001,0.0
2025-06-09,EQ001,3.6
2025-06-10,EQ001,10.4
2025-06-11,EQ001,7.5
2025-06-12,EQ001,3.9
2025-06-13,EQ001,11.1
2025-06-14,EQ001,2.6
2025-06-15,EQ001,2.3
2025-06-16,EQ001,9.1
2025-06-17,EQ001,9.7
2025-06-18,EQ001,10.9
2025-06-19,EQ001,10.2
2025-06-20,EQ001,12.4
2025-06-21,EQ001,10.1
2025-06-22,EQ001,7.6
2025-06-23,EQ001,7.8
2025-06-24,EQ001,7.2
2025-06-25,EQ001,8.9
2025-06-26,EQ001,4.7
2025-06-27,EQ001,9.0
2025-06-28,EQ001,7.7
2025-06-29,EQ001,8.8
2025-06-30,EQ001,8.8
2024-07-01,EQ002,0.6
2024-07-02,EQ002,5.3
2024-07-03,EQ002,7.7
2024-07-04,EQ002,0.0
2024-07-05,EQ002,7.8
2024-07-06,EQ002,8.8
2024-07-07,EQ002,8.9
2024-07-08,EQ002,12.5
2024-07-09,EQ002,8.9
2024-07-10,EQ002,7.1
2024-07-11,EQ002,3.2
2024-07-12,EQ002,3.9
2024-07-13,EQ002,9.6
2024-07-14,EQ002,11.2
2024-07-15,EQ002,12.6
2024-07-16,EQ002,5.5
2024-07-17,EQ002,7.1
2024-07-18,EQ002,8.7
2024-07-19,EQ002,14.1
2024-07-20,EQ002,8.3
2024-07-21,EQ002,12.7
2024-07-22,EQ002,8.5
2024-07-23,EQ002,11.5
2024-07-24,EQ002,11.1
2024-07-25,EQ002,8.5
2024-07-26,EQ002,4.9
2024-07-27,EQ002,7.2
2024-07-28,EQ002,12.5
2024-07-29,EQ002,10.6
2024-07-30,EQ002,0.0
2024-07-31,EQ002,6.7
2024-08-01,EQ002,7.0
2024-08-02,EQ002,2.8
2024-08-03,EQ002,12.3
2024-08-04,EQ002,10.7
2024-08-05,EQ002,7.6
2024-08-06,EQ002,8.6
2024-08-07,EQ002,1.5
2024-08-08,EQ002,6.5
2024-08-09,EQ002,12.0
2024-08-10,EQ002,10.9
2024-08-11,EQ002,9.0
2024-08-12,EQ002,8.0
2024-08-13,EQ002,10.4
2024-08-14,EQ002,7.2
2024-08-15,EQ002,3.0
2024-08-16,EQ002,8.0
2024-08-17,EQ002,9.2
2024-08-18,EQ002,11.4
2024-08-19,EQ002,3.7
2024-08-20,EQ002,0.0
2024-08-21,EQ002,7.6
2024-08-22,EQ002,7.8
2024-08-23,EQ002,4.7
2024-08-24,EQ002,9.5
2024-08-25,EQ002,10.2
2024-08-26,EQ002,7.1
2024-08-27,EQ002,14.2
2024-08-28,EQ002,7.0
2024-08-29,EQ002,6.7
2024-08-30,EQ002,6.6
2024-08-31,EQ002,5.6
2024-09-01,EQ002,0.0
2024-09-02,EQ002,6.3
2024-09-03,EQ002,3.7
2024-09-04,EQ002,7.4
2024-09-05,EQ002,8.2
2024-09-06,EQ002,1.2
2024-09-07,EQ002,7.7
2024-09-08,EQ002,8.1
2024-09-09,EQ002,9.5
2024-09-10,EQ002,11.6
2024-09-11,EQ002,10.6
2024-09-12,EQ002,6.1
2024-09-13,EQ002,5.8
2024-09-14,EQ002,9.7
2024-09-15,EQ002,6.4
2024-09-16,EQ002,4.3
2024-09-17,EQ002,15.1
2024-09-18,EQ002,7.1
2024-09-19,EQ002,6.1
2024-09-20,EQ002,1.4
2024-09-21,EQ002,10.6
2024-09-22,EQ002,5.0
2024-09-23,EQ002,8.1
2024-09-24,EQ002,10.9
2024-09-25,EQ002,5.1
2024-09-26,EQ002,8.2
2024-09-27,EQ002,12.6
2024-09-28,EQ002,0.6
2024-09-29,EQ002,5.6
2024-09-30,EQ002,5.3
2024-10-01,EQ002,7.4
2024-10-02,EQ002,7.9
2024-10-03,EQ002,4.8
2024-10-04,EQ002,6.0
2024-10-05,EQ002,5.7
2024-10-06,EQ002,6.9
2024-10-07,EQ002,8.7
2024-10-08,EQ002,10.7
2024-10-09,EQ002,11.2
2024-10-10,EQ002,10.0
2024-10-11,EQ002,5.4
2024-10-12,EQ002,8.0
2024-10-13,EQ002,15.1
2024-10-14,EQ002,11.0
2024-10-15,EQ002,6.7
2024-10-16,EQ002,12.7
2024-10-17,EQ002,6.8
2024-10-18,EQ002,6.0
2024-10-19,EQ002,12.2
2024-10-20,EQ002,4.1
2024-10-21,EQ002,2.3
2024-10-22,EQ002,10.8
2024-10-23,EQ002,8.1
2024-10-24,EQ002,8.4
2024-10-25,EQ002,0.0
2024-10-26,EQ002,6.9
2024-10-27,EQ002,7.3
2024-10-28,EQ002,6.6
2024-10-29,EQ002,6.1
2024-10-30,EQ002,6.9
2024-10-31,EQ002,6.8
2024-11-01,EQ002,5.5
2024-11-02,EQ002,6.4
2024-11-03,EQ002,0.5
2024-11-04,EQ002,10.1
2024-11-05,EQ002,9.2
2024-11-06,EQ002,0.0
2024-11-07,EQ002,7.7
2024-11-08,EQ002,8.7
2024-11-09,EQ002,8.8
2024-11-10,EQ002,5.8
2024-11-11,EQ002,6.4
2024-11-12,EQ002,9.6
2024-11-13,EQ002,8.6
2024-11-14,EQ002,0.0
2024-11-15,EQ002,14.1
2024-11-16,EQ002,12.9
2024-11-17,EQ002,0.0
2024-11-18,EQ002,10.8
2024-11-19,EQ002,5.7
2024-11-20,EQ002,6.3
2024-11-21,EQ002,5.0
2024-11-22,EQ002,8.8
2024-11-23,EQ002,0.0
2024-11-24,EQ002,6.6
2024-11-25,EQ002,7.1
2024-11-26,EQ002,3.4
2024-11-27,EQ002,10.4
2024-11-28,EQ002,4.6
2024-11-29,EQ002,8.8
2024-11-30,EQ002,16.4
2024-12-01,EQ002,0.0
2024-12-02,EQ002,3.2
2024-12-03,EQ002,7.6
2024-12-04,EQ002,6.8
2024-12-05,EQ002,6.2
2024-12-06,EQ002,10.3
2024-12-07,EQ002,11.3
2024-12-08,EQ002,10.3
2024-12-09,EQ002,5.8
2024-12-10,EQ002,15.3
2024-12-11,EQ002,0.0
2024-12-12,EQ002,2.7
2024-12-13,EQ002,4.9
2024-12-14,EQ002,8.5
2024-12-15,EQ002,8.3
2024-12-16,EQ002,9.5
2024-12-17,EQ002,12.7
2024-12-18,EQ002,7.6
2024-12-19,EQ002,8.3
2024-12-20,EQ002,6.2
2024-12-21,EQ002,9.8
2024-12-22,EQ002,7.0
2024-12-23,EQ002,7.0
2024-12-24,EQ002,9.6
2024-12-25,EQ002,11.1
2024-12-26,EQ002,0.0
2024-12-27,EQ002,1.4
2024-12-28,EQ002,9.1
2024-12-29,EQ002,7.2
2024-12-30,EQ002,10.8
2024-12-31,EQ002,7.2
2025-01-01,EQ002,11.9
2025-01-02,EQ002,6.0
2025-01-03,EQ002,1.3
2025-01-04,EQ002,11.2
2025-01-05,EQ002,5.5
2025-01-06,EQ002,3.3
2025-01-07,EQ002,8.0
2025-01-08,EQ002,7.3
2025-01-09,EQ002,10.5
2025-01-10,EQ002,10.7
2025-01-11,EQ002,8.3
2025-01-12,EQ002,5.3
2025-01-13,EQ002,8.9
2025-01-14,EQ002,8.5
2025-01-15,EQ002,9.7
2025-01-16,EQ002,5.4
2025-01-17,EQ002,6.8
2025-01-18,EQ002,9.5
2025-01-19,EQ002,11.7
2025-01-20,EQ002,10.9
2025-01-21,EQ002,8.2
2025-01-22,EQ002,6.5
2025-01-23,EQ002,9.2
2025-01-24,EQ002,4.7
2025-01-25,EQ002,5.5
2025-01-26,EQ002,12.5
2025-01-27,EQ002,9.2
2025-01-28,EQ002,7.0
2025-01-29,EQ002,10.5
2025-01-30,EQ002,11.9
2025-01-31,EQ002,6.7
2025-02-01,EQ002,6.7
2025-02-02,EQ002,6.3
2025-02-03,EQ002,10.9
2025-02-04,EQ002,10.9
2025-02-05,EQ002,12.2
2025-02-06,EQ002,11.0
2025-02-07,EQ002,3.1
2025-02-08,EQ002,8.8
2025-02-09,EQ002,4.8
2025-02-10,EQ002,0.0
2025-02-11,EQ002,6.5
2025-02-12,EQ002,8.5
2025-02-13,EQ002,10.5
2025-02-14,EQ002,5.3
2025-02-15,EQ002,1.0
2025-02-16,EQ002,8.5
2025-02-17,EQ002,15.9
2025-02-18,EQ002,7.4
2025-02-19,EQ002,0.0
2025-02-20,EQ002,8.1
2025-02-21,EQ002,13.3
2025-02-22,EQ002,9.8
2025-02-23,EQ002,8.7
2025-02-24,EQ002,9.3
2025-02-25,EQ002,8.8
2025-02-26,EQ002,4.6
2025-02-27,EQ002,4.0
2025-02-28,EQ002,13.7
2025-03-01,EQ002,8.6
2025-03-02,EQ002,8.3
2025-03-03,EQ002,7.7
2025-03-04,EQ002,10.3
2025-03-05,EQ002,15.6
2025-03-06,EQ002,9.6
2025-03-07,EQ002,6.2
2025-03-08,EQ002,7.6
2025-03-09,EQ002,11.2
2025-03-10,EQ002,6.3
2025-03-11,EQ002,10.6
2025-03-12,EQ002,1.0
2025-03-13,EQ002,7.3
2025-03-14,EQ002,9.9
2025-03-15,EQ002,11.8
2025-03-16,EQ002,5.5
2025-03-17,EQ002,3.5
2025-03-18,EQ002,7.2
2025-03-19,EQ002,4.6
2025-03-20,EQ002,7.6
2025-03-21,EQ002,8.0
2025-03-22,EQ002,4.0
2025-03-23,EQ002,10.4
2025-03-24,EQ002,7.5
2025-03-25,EQ002,11.2
2025-03-26,EQ002,2.5
2025-03-27,EQ002,4.9
2025-03-28,EQ002,9.6
2025-03-29,EQ002,5.6
2025-03-30,EQ002,0.0
2025-03-31,EQ002,7.5
2025-04-01,EQ002,8.0
2025-04-02,EQ002,8.5
2025-04-03,EQ002,6.0
2025-04-04,EQ002,8.4
2025-04-05,EQ002,5.7
2025-04-06,EQ002,10.0
2025-04-07,EQ002,7.7
2025-04-08,EQ002,8.5
2025-04-09,EQ002,15.7
2025-04-10,EQ002,4.7
2025-04-11,EQ002,12.2
2025-04-12,EQ002,0.0
2025-04-13,EQ002,1.8
2025-04-14,EQ002,4.3
2025-04-15,EQ002,4.5
2025-04-16,EQ002,8.6
2025-04-17,EQ002,8.9
2025-04-18,EQ002,7.2
2025-04-19,EQ002,7.6
2025-04-20,EQ002,9.6
2025-04-21,EQ002,10.5
2025-04-22,EQ002,4.0
2025-04-23,EQ002,6.9
2025-04-24,EQ002,7.8
2025-04-25,EQ002,9.5
2025-04-26,EQ002,5.7
2025-04-27,EQ002,7.7
2025-04-28,EQ002,8.1
2025-04-29,EQ002,5.9
2025-04-30,EQ002,5.8
2025-05-01,EQ002,8.3
2025-05-02,EQ002,7.6
2025-05-03,EQ002,9.5
2025-05-04,EQ002,4.8
2025-05-05,EQ002,6.9
2025-05-06,EQ002,7.3
2025-05-07,EQ002,10.4
2025-05-08,EQ002,5.2
2025-05-09,EQ002,8.7
2025-05-10,EQ002,8.8
2025-05-11,EQ002,12.9
2025-05-12,EQ002,5.0
2025-05-13,EQ002,6.0
2025-05-14,EQ002,5.2
2025-05-15,EQ002,3.0
2025-05-16,EQ002,0.0
2025-05-17,EQ002,13.3
2025-05-18,EQ002,4.3
2025-05-19,EQ002,5.6
2025-05-20,EQ002,11.9
2025-05-21,EQ002,2.7
2025-05-22,EQ002,10.3
2025-05-23,EQ002,3.8
2025-05-24,EQ002,11.7
2025-05-25,EQ002,1.5
2025-05-26,EQ002,2.7
2025-05-27,EQ002,6.4
2025-05-28,EQ002,10.9
2025-05-29,EQ002,7.9
2025-05-30,EQ002,7.0
2025-05-31,EQ002,12.0
2025-06-01,EQ002,14.5
2025-06-02,EQ002,10.0
2025-06-03,EQ002,6.1
2025-06-04,EQ002,6.7
2025-06-05,EQ002,4.1
2025-06-06,EQ002,8.3
2025-06-07,EQ002,3.1
2025-06-08,EQ002,9.7
2025-06-09,EQ002,14.0
2025-06-10,EQ002,10.2
2025-06-11,EQ002,6.6
2025-06-12,EQ002,9.6
2025-06-13,EQ002,12.9
2025-06-14,EQ002,12.7
2025-06-15,EQ002,5.0
2025-06-16,EQ002,9.5
2025-06-17,EQ002,0.0
2025-06-18,EQ002,7.5
2025-06-19,EQ002,10.4
2025-06-20,EQ002,9.2
2025-06-21,EQ002,0.9
2025-06-22,EQ002,7.0
2025-06-23,EQ002,8.6
2025-06-24,EQ002,3.7
2025-06-25,EQ002,9.7
2025-06-26,EQ002,3.4
2025-06-27,EQ002,5.6
2025-06-28,EQ002,12.0
2025-06-29,EQ002,0.0
2025-06-30,EQ002,5.3
2024-07-01,EQ003,9.7
2024-07-02,EQ003,2.7
2024-07-03,EQ003,14.2
2024-07-04,EQ003,7.1
2024-07-05,EQ003,8.3
2024-07-06,EQ003,8.5
2024-07-07,EQ003,9.8
2024-07-08,EQ003,3.4
2024-07-09,EQ003,8.0
2024-07-10,EQ003,6.0
2024-07-11,EQ003,2.9
2024-07-12,EQ003,11.0
2024-07-13,EQ003,6.9
2024-07-14,EQ003,8.7
2024-07-15,EQ003,8.5
2024-07-16,EQ003,7.0
2024-07-17,EQ003,13.9
2024-07-18,EQ003,7.9
2024-07-19,EQ003,3.3
2024-07-20,EQ003,6.8
2024-07-21,EQ003,9.5
2024-07-22,EQ003,9.6
2024-07-23,EQ003,4.7
2024-07-24,EQ003,10.8
2024-07-25,EQ003,2.7
2024-07-26,EQ003,11.4
2024-07-27,EQ003,4.0
2024-07-28,EQ003,7.3
2024-07-29,EQ003,11.2
2024-07-30,EQ003,8.4
2024-07-31,EQ003,10.5
2024-08-01,EQ003,9.9
2024-08-02,EQ003,11.9
2024-08-03,EQ003,11.2
2024-08-04,EQ003,6.6
2024-08-05,EQ003,9.9
2024-08-06,EQ003,3.4
2024-08-07,EQ003,7.8
2024-08-08,EQ003,10.5
2024-08-09,EQ003,8.4
2024-08-10,EQ003,9.3
2024-08-11,EQ003,7.4
2024-08-12,EQ003,11.4
2024-08-13,EQ003,7.8
2024-08-14,EQ003,6.6
2024-08-15,EQ003,10.7
2024-08-16,EQ003,3.8
2024-08-17,EQ003,9.5
2024-08-18,EQ003,4.9
2024-08-19,EQ003,11.8
2024-08-20,EQ003,7.2
2024-08-21,EQ003,8.4
2024-08-22,EQ003,9.2
2024-08-23,EQ003,2.2
2024-08-24,EQ003,6.0
2024-08-25,EQ003,11.1
2024-08-26,EQ003,10.6
2024-08-27,EQ003,8.8
2024-08-28,EQ003,4.0
2024-08-29,EQ003,9.8
2024-08-30,EQ003,10.1
2024-08-31,EQ003,8.1
2024-09-01,EQ003,11.7
2024-09-02,EQ003,5.9
2024-09-03,EQ003,6.5
2024-09-04,EQ003,0.5
2024-09-05,EQ003,10.8
2024-09-06,EQ003,8.9
2024-09-07,EQ003,3.0
2024-09-08,EQ003,2.7
2024-09-09,EQ003,5.4
2024-09-10,EQ003,10.4
2024-09-11,EQ003,7.1
2024-09-12,EQ003,5.6
2024-09-13,EQ003,5.0
2024-09-14,EQ003,4.8
2024-09-15,EQ003,2.2
2024-09-16,EQ003,4.4
2024-09-17,EQ003,4.8
2024-09-18,EQ003,10.0
2024-09-19,EQ003,7.5
2024-09-20,EQ003,5.5
2024-09-21,EQ003,14.9
2024-09-22,EQ003,6.0
2024-09-23,EQ003,11.5
2024-09-24,EQ003,12.9
2024-09-25,EQ003,3.3
2024-09-26,EQ003,0.0
2024-09-27,EQ003,8.2
2024-09-28,EQ003,6.4
2024-09-29,EQ003,6.2
2024-09-30,EQ003,9.7
2024-10-01,EQ003,6.1
2024-10-02,EQ003,6.5
2024-10-03,EQ003,7.5
2024-10-04,EQ003,6.9
2024-10-05,EQ003,0.0
2024-10-06,EQ003,4.5
2024-10-07,EQ003,10.4
2024-10-08,EQ003,11.1
2024-10-09,EQ003,9.0
2024-10-10,EQ003,6.9
2024-10-11,EQ003,5.9
2024-10-12,EQ003,5.9
2024-10-13,EQ003,15.1
2024-10-14,EQ003,10.8
2024-10-15,EQ003,5.5
2024-10-16,EQ003,8.5
2024-10-17,EQ003,6.9
2024-10-18,EQ003,9.8
2024-10-19,EQ003,9.6
2024-10-20,EQ003,11.3
2024-10-21,EQ003,5.4
2024-10-22,EQ003,8.3
2024-10-23,EQ003,2.8
2024-10-24,EQ003,4.2
2024-10-25,EQ003,10.7
2024-10-26,EQ003,5.1
2024-10-27,EQ003,5.5
2024-10-28,EQ003,8.0
2024-10-29,EQ003,10.1
2024-10-30,EQ003,0.0
2024-10-31,EQ003,4.8
2024-11-01,EQ003,0.0
2024-11-02,EQ003,5.4
2024-11-03,EQ003,11.6
2024-11-04,EQ003,9.0
2024-11-05,EQ003,12.0
2024-11-06,EQ003,4.6
2024-11-07,EQ003,3.1
2024-11-08,EQ003,9.4
2024-11-09,EQ003,8.7
2024-11-10,EQ003,8.9
2024-11-11,EQ003,10.8
2024-11-12,EQ003,0.0
2024-11-13,EQ003,9.3
2024-11-14,EQ003,9.2
2024-11-15,EQ003,10.1
2024-11-16,EQ003,9.5
2024-11-17,EQ003,10.6
2024-11-18,EQ003,11.0
2024-11-19,EQ003,12.6
2024-11-20,EQ003,6.1
2024-11-21,EQ003,9.4
2024-11-22,EQ003,6.9
2024-11-23,EQ003,5.5
2024-11-24,EQ003,5.9
2024-11-25,EQ003,9.5
2024-11-26,EQ003,9.3
2024-11-27,EQ003,9.2
2024-11-28,EQ003,7.3
2024-11-29,EQ003,8.0
2024-11-30,EQ003,0.0
2024-12-01,EQ003,10.5
2024-12-02,EQ003,3.5
2024-12-03,EQ003,8.1
2024-12-04,EQ003,8.3
2024-12-05,EQ003,10.3
2024-12-06,EQ003,3.9
2024-12-07,EQ003,12.5
2024-12-08,EQ003,8.6
2024-12-09,EQ003,8.8
2024-12-10,EQ003,6.8
2024-12-11,EQ003,9.6
2024-12-12,EQ003,8.1
2024-12-13,EQ003,11.6
2024-12-14,EQ003,3.7
2024-12-15,EQ003,8.5
2024-12-16,EQ003,9.2
2024-12-17,EQ003,7.4
2024-12-18,EQ003,6.8
2024-12-19,EQ003,6.9
2024-12-20,EQ003,8.5
2024-12-21,EQ003,2.6
2024-12-22,EQ003,10.9
2024-12-23,EQ003,6.6
2024-12-24,EQ003,8.4
2024-12-25,EQ003,9.1
2024-12-26,EQ003,0.0
2024-12-27,EQ003,6.4
2024-12-28,EQ003,7.6
2024-12-29,EQ003,1.9
2024-12-30,EQ003,10.2
2024-12-31,EQ003,11.2
2025-01-01,EQ003,2.9
2025-01-02,EQ003,6.8
2025-01-03,EQ003,4.3
2025-01-04,EQ003,7.5
2025-01-05,EQ003,9.9
2025-01-06,EQ003,11.0
2025-01-07,EQ003,11.4
2025-01-08,EQ003,11.9
2025-01-09,EQ003,7.3
2025-01-10,EQ003,4.6
2025-01-11,EQ003,7.7
2025-01-12,EQ003,9.9
2025-01-13,EQ003,4.3
2025-01-14,EQ003,13.0
2025-01-15,EQ003,10.7
2025-01-16,EQ003,7.4
2025-01-17,EQ003,5.9
2025-01-18,EQ003,6.0
2025-01-19,EQ003,8.2
2025-01-20,EQ003,7.3
2025-01-21,EQ003,10.9
2025-01-22,EQ003,7.0
2025-01-23,EQ003,9.5
2025-01-24,EQ003,7.9
2025-01-25,EQ003,8.8
2025-01-26,EQ003,7.3
2025-01-27,EQ003,10.1
2025-01-28,EQ003,10.2
2025-01-29,EQ003,9.4
2025-01-30,EQ003,9.8
2025-01-31,EQ003,5.2
2025-02-01,EQ003,9.0
2025-02-02,EQ003,11.7
2025-02-03,EQ003,9.5
2025-02-04,EQ003,4.9
2025-02-05,EQ003,7.9
2025-02-06,EQ003,9.1
2025-02-07,EQ003,5.7
2025-02-08,EQ003,3.9
2025-02-09,EQ003,7.1
2025-02-10,EQ003,5.8
2025-02-11,EQ003,8.0
2025-02-12,EQ003,0.0
2025-02-13,EQ003,3.2
2025-02-14,EQ003,9.7
2025-02-15,EQ003,6.1
2025-02-16,EQ003,11.0
2025-02-17,EQ003,7.2
2025-02-18,EQ003,7.9
2025-02-19,EQ003,7.5
2025-02-20,EQ003,5.9
2025-02-21,EQ003,15.4
2025-02-22,EQ003,0.0
2025-02-23,EQ003,6.5
2025-02-24,EQ003,11.1
2025-02-25,EQ003,4.7
2025-02-26,EQ003,9.1
2025-02-27,EQ003,9.4
2025-02-28,EQ003,7.9
2025-03-01,EQ003,6.3
2025-03-02,EQ003,7.2
2025-03-03,EQ003,6.8
2025-03-04,EQ003,15.2
2025-03-05,EQ003,7.9
2025-03-06,EQ003,9.6
2025-03-07,EQ003,13.3
2025-03-08,EQ003,5.4
2025-03-09,EQ003,8.1
2025-03-10,EQ003,7.2
2025-03-11,EQ003,7.7
2025-03-12,EQ003,7.5
2025-03-13,EQ003,5.8
2025-03-14,EQ003,8.6
2025-03-15,EQ003,4.8
2025-03-16,EQ003,11.0
2025-03-17,EQ003,9.9
2025-03-18,EQ003,6.5
2025-03-19,EQ003,6.7
2025-03-20,EQ003,8.8
2025-03-21,EQ003,5.6
2025-03-22,EQ003,13.4
2025-03-23,EQ003,0.0
2025-03-24,EQ003,9.1
2025-03-25,EQ003,9.2
2025-03-26,EQ003,10.0
2025-03-27,EQ003,6.3
2025-03-28,EQ003,11.3
2025-03-29,EQ003,8.3
2025-03-30,EQ003,10.9
2025-03-31,EQ003,7.4
2025-04-01,EQ003,12.0
2025-04-02,EQ003,9.2
2025-04-03,EQ003,14.5
2025-04-04,EQ003,6.9
2025-04-05,EQ003,8.6
2025-04-06,EQ003,4.9
2025-04-07,EQ003,6.4
2025-04-08,EQ003,9.9
2025-04-09,EQ003,11.4
2025-04-10,EQ003,0.0
2025-04-11,EQ003,16.9
2025-04-12,EQ003,7.7
2025-04-13,EQ003,5.2
2025-04-14,EQ003,10.3
2025-04-15,EQ003,4.6
2025-04-16,EQ003,9.7
2025-04-17,EQ003,6.5
2025-04-18,EQ003,8.6
2025-04-19,EQ003,11.3
2025-04-20,EQ003,7.7
2025-04-21,EQ003,10.8
2025-04-22,EQ003,10.6
2025-04-23,EQ003,0.0
2025-04-24,EQ003,2.4
2025-04-25,EQ003,5.3
2025-04-26,EQ003,3.3
2025-04-27,EQ003,14.0
2025-04-28,EQ003,7.7
2025-04-29,EQ003,13.3
2025-04-30,EQ003,0.0
2025-05-01,EQ003,0.0
2025-05-02,EQ003,3.1
2025-05-03,EQ003,6.3
2025-05-04,EQ003,10.4
2025-05-05,EQ003,8.5
2025-05-06,EQ003,9.6
2025-05-07,EQ003,4.2
2025-05-08,EQ003,12.1
2025-05-09,EQ003,10.3
2025-05-10,EQ003,9.2
2025-05-11,EQ003,5.9
2025-05-12,EQ003,9.0
2025-05-13,EQ003,7.1
2025-05-14,EQ003,3.0
2025-05-15,EQ003,7.8
2025-05-16,EQ003,0.0
2025-05-17,EQ003,7.5
2025-05-18,EQ003,11.2
2025-05-19,EQ003,1.3
2025-05-20,EQ003,8.7
2025-05-21,EQ003,4.5
2025-05-22,EQ003,9.0
2025-05-23,EQ003,9.1
2025-05-24,EQ003,7.7
2025-05-25,EQ003,10.4
2025-05-26,EQ003,4.3
2025-05-27,EQ003,11.3
2025-05-28,EQ003,5.9
2025-05-29,EQ003,3.3
2025-05-30,EQ003,7.2
2025-05-31,EQ003,1.7
2025-06-01,EQ003,8.8
2025-06-02,EQ003,7.2
2025-06-03,EQ003,11.7
2025-06-04,EQ003,9.9
2025-06-05,EQ003,3.8
2025-06-06,EQ003,5.5
2025-06-07,EQ003,9.6
2025-06-08,EQ003,10.5
2025-06-09,EQ003,11.7
2025-06-10,EQ003,11.6
2025-06-11,EQ003,7.7
2025-06-12,EQ003,9.1
2025-06-13,EQ003,11.9
2025-06-14,EQ003,7.1
2025-06-15,EQ003,9.1
2025-06-16,EQ003,7.0
2025-06-17,EQ003,6.3
2025-06-18,EQ003,8.1
2025-06-19,EQ003,5.9
2025-06-20,EQ003,7.6
2025-06-21,EQ003,4.9
2025-06-22,EQ003,7.4
2025-06-23,EQ003,9.3
2025-06-24,EQ003,6.2
2025-06-25,EQ003,8.0
2025-06-26,EQ003,8.4
2025-06-27,EQ003,9.4
2025-06-28,EQ003,7.6
2025-06-29,EQ003,11.3
2025-06-30,EQ003,1.7
2024-07-01,EQ004,16.8
2024-07-02,EQ004,5.4
2024-07-03,EQ004,9.2
2024-07-04,EQ004,5.2
2024-07-05,EQ004,9.9
2024-07-06,EQ004,8.8
2024-07-07,EQ004,6.0
2024-07-08,EQ004,11.2
2024-07-09,EQ004,7.5
2024-07-10,EQ004,9.6
2024-07-11,EQ004,5.2
2024-07-12,EQ004,7.9
2024-07-13,EQ004,14.0
2024-07-14,EQ004,10.9
2024-07-15,EQ004,8.9
2024-07-16,EQ004,6.7
2024-07-17,EQ004,8.2
2024-07-18,EQ004,8.6
2024-07-19,EQ004,9.3
2024-07-20,EQ004,4.8
2024-07-21,EQ004,10.0
2024-07-22,EQ004,4.7
2024-07-23,EQ004,12.9
2024-07-24,EQ004,5.7
2024-07-25,EQ004,8.9
2024-07-26,EQ004,11.0
2024-07-27,EQ004,7.2
2024-07-28,EQ004,9.0
2024-07-29,EQ004,12.3
2024-07-30,EQ004,9.7
2024-07-31,EQ004,0.0
2024-08-01,EQ004,9.1
2024-08-02,EQ004,2.9
2024-08-03,EQ004,5.2
2024-08-04,EQ004,11.1
2024-08-05,EQ004,9.7
2024-08-06,EQ004,10.2
2024-08-07,EQ004,9.9
2024-08-08,EQ004,0.0
2024-08-09,EQ004,11.9
2024-08-10,EQ004,7.2
2024-08-11,EQ004,8.4
2024-08-12,EQ004,4.9
2024-08-13,EQ004,4.2
2024-08-14,EQ004,0.0
2024-08-15,EQ004,3.1
2024-08-16,EQ004,5.3
2024-08-17,EQ004,12.7
2024-08-18,EQ004,3.3
2024-08-19,EQ004,7.1
2024-08-20,EQ004,4.1
2024-08-21,EQ004,6.2
2024-08-22,EQ004,8.5
2024-08-23,EQ004,5.9
2024-08-24,EQ004,11.3
2024-08-25,EQ004,12.6
2024-08-26,EQ004,1.3
2024-08-27,EQ004,6.0
2024-08-28,EQ004,8.2
2024-08-29,EQ004,11.4
2024-08-30,EQ004,6.6
2024-08-31,EQ004,7.9
2024-09-01,EQ004,4.5
2024-09-02,EQ004,3.4
2024-09-03,EQ004,12.3
2024-09-04,EQ004,2.5
2024-09-05,EQ004,15.0
2024-09-06,EQ004,10.2
2024-09-07,EQ004,10.0
2024-09-08,EQ004,9.7
2024-09-09,EQ004,0.0
2024-09-10,EQ004,7.2
2024-09-11,EQ004,9.2
2024-09-12,EQ004,0.0
2024-09-13,EQ004,7.4
2024-09-14,EQ004,9.7
2024-09-15,EQ004,7.9
2024-09-16,EQ004,5.1
2024-09-17,EQ004,5.4
2024-09-18,EQ004,0.0
2024-09-19,EQ004,5.0
2024-09-20,EQ004,10.9
2024-09-21,EQ004,6.1
2024-09-22,EQ004,2.3
2024-09-23,EQ004,9.2
2024-09-24,EQ004,12.5
2024-09-25,EQ004,10.3
2024-09-26,EQ004,6.2
2024-09-27,EQ004,3.2
2024-09-28,EQ004,0.0
2024-09-29,EQ004,0.0
2024-09-30,EQ004,7.6
2024-10-01,EQ004,7.5
2024-10-02,EQ004,5.1
2024-10-03,EQ004,9.7
2024-10-04,EQ004,13.5
2024-10-05,EQ004,8.7
2024-10-06,EQ004,8.5
2024-10-07,EQ004,0.0
2024-10-08,EQ004,5.2
2024-10-09,EQ004,12.2
2024-10-10,EQ004,7.8
2024-10-11,EQ004,6.3
2024-10-12,EQ004,8.2
2024-10-13,EQ004,9.4
2024-10-14,EQ004,8.4
2024-10-15,EQ004,11.6
2024-10-16,EQ004,9.2
2024-10-17,EQ004,7.1
2024-10-18,EQ004,9.2
2024-10-19,EQ004,9.5
2024-10-20,EQ004,4.1
2024-10-21,EQ004,11.4
2024-10-22,EQ004,7.1
2024-10-23,EQ004,7.2
2024-10-24,EQ004,10.3
2024-10-25,EQ004,10.2
2024-10-26,EQ004,5.9
2024-10-27,EQ004,10.4
2024-10-28,EQ004,6.3
2024-10-29,EQ004,13.5
2024-10-30,EQ004,5.5
2024-10-31,EQ004,8.7
2024-11-01,EQ004,5.7
2024-11-02,EQ004,14.7
2024-11-03,EQ004,4.3
2024-11-04,EQ004,9.6
2024-11-05,EQ004,5.8
2024-11-06,EQ004,6.9
2024-11-07,EQ004,9.4
2024-11-08,EQ004,11.7
2024-11-09,EQ004,12.9
2024-11-10,EQ004,3.4
2024-11-11,EQ004,8.8
2024-11-12,EQ004,12.4
2024-11-13,EQ004,2.9
2024-11-14,EQ004,8.9
2024-11-15,EQ004,8.0
2024-11-16,EQ004,9.2
2024-11-17,EQ004,5.7
2024-11-18,EQ004,3.7
2024-11-19,EQ004,2.3
2024-11-20,EQ004,10.9
2024-11-21,EQ004,11.3
2024-11-22,EQ004,8.9
2024-11-23,EQ004,6.4
2024-11-24,EQ004,3.1
2024-11-25,EQ004,9.7
2024-11-26,EQ004,4.7
2024-11-27,EQ004,5.9
2024-11-28,EQ004,6.2
2024-11-29,EQ004,7.4
2024-11-30,EQ004,5.7
2024-12-01,EQ004,8.1
2024-12-02,EQ004,6.1
2024-12-03,EQ004,10.1
2024-12-04,EQ004,11.1
2024-12-05,EQ004,8.3
2024-12-06,EQ004,9.4
2024-12-07,EQ004,14.4
2024-12-08,EQ004,4.5
2024-12-09,EQ004,4.3
2024-12-10,EQ004,10.1
2024-12-11,EQ004,13.8
2024-12-12,EQ004,7.2
2024-12-13,EQ004,13.2
2024-12-14,EQ004,8.3
2024-12-15,EQ004,6.0
2024-12-16,EQ004,5.0
2024-12-17,EQ004,9.9
2024-12-18,EQ004,5.3
2024-12-19,EQ004,8.2
2024-12-20,EQ004,12.8
2024-12-21,EQ004,7.1
2024-12-22,EQ004,11.9
2024-12-23,EQ004,4.4
2024-12-24,EQ004,6.4
2024-12-25,EQ004,3.8
2024-12-26,EQ004,8.2
2024-12-27,EQ004,10.3
2024-12-28,EQ004,8.2
2024-12-29,EQ004,11.7
2024-12-30,EQ004,5.8
2024-12-31,EQ004,8.7
2025-01-01,EQ004,6.4
2025-01-02,EQ004,9.1
2025-01-03,EQ004,9.5
2025-01-04,EQ004,9.7
2025-01-05,EQ004,4.8
2025-01-06,EQ004,5.3
2025-01-07,EQ004,5.9
2025-01-08,EQ004,7.3
2025-01-09,EQ004,8.3
2025-01-10,EQ004,10.1
2025-01-11,EQ004,5.5
2025-01-12,EQ004,3.2
2025-01-13,EQ004,14.5
2025-01-14,EQ004,4.6
2025-01-15,EQ004,10.5
2025-01-16,EQ004,8.1
2025-01-17,EQ004,8.8
2025-01-18,EQ004,8.0
2025-01-19,EQ004,6.8
2025-01-20,EQ004,9.4
2025-01-21,EQ004,6.7
2025-01-22,EQ004,11.5
2025-01-23,EQ004,9.7
2025-01-24,EQ004,9.8
2025-01-25,EQ004,6.5
2025-01-26,EQ004,7.3
2025-01-27,EQ004,4.4
2025-01-28,EQ004,6.9
2025-01-29,EQ004,4.9
2025-01-30,EQ004,11.9
2025-01-31,EQ004,8.2
2025-02-01,EQ004,8.5
2025-02-02,EQ004,7.3
2025-02-03,EQ004,8.6
2025-02-04,EQ004,15.4
2025-02-05,EQ004,7.1
2025-02-06,EQ004,6.0
2025-02-07,EQ004,9.6
2025-02-08,EQ004,0.4
2025-02-09,EQ004,8.2
2025-02-10,EQ004,6.9
2025-02-11,EQ004,5.0
2025-02-12,EQ004,9.5
2025-02-13,EQ004,0.0
2025-02-14,EQ004,8.2
2025-02-15,EQ004,2.6
2025-02-16,EQ004,6.1
2025-02-17,EQ004,0.0
2025-02-18,EQ004,8.9
2025-02-19,EQ004,8.8
2025-02-20,EQ004,5.6
2025-02-21,EQ004,9.6
2025-02-22,EQ004,4.2
2025-02-23,EQ004,5.1
2025-02-24,EQ004,9.3
2025-02-25,EQ004,5.9
2025-02-26,EQ004,7.8
2025-02-27,EQ004,6.3
2025-02-28,EQ004,6.8
2025-03-01,EQ004,6.9
2025-03-02,EQ004,5.9
2025-03-03,EQ004,8.9
2025-03-04,EQ004,6.1
2025-03-05,EQ004,8.0
2025-03-06,EQ004,5.8
2025-03-07,EQ004,3.4
2025-03-08,EQ004,10.7
2025-03-09,EQ004,9.5
2025-03-10,EQ004,14.9
2025-03-11,EQ004,4.9
2025-03-12,EQ004,7.4
2025-03-13,EQ004,7.6
2025-03-14,EQ004,11.0
2025-03-15,EQ004,6.5
2025-03-16,EQ004,4.5
2025-03-17,EQ004,11.6
2025-03-18,EQ004,7.1
2025-03-19,EQ004,10.6
2025-03-20,EQ004,10.3
2025-03-21,EQ004,7.9
2025-03-22,EQ004,7.5
2025-03-23,EQ004,6.8
2025-03-24,EQ004,8.0
2025-03-25,EQ004,10.6
2025-03-26,EQ004,5.6
2025-03-27,EQ004,8.3
2025-03-28,EQ004,4.6
2025-03-29,EQ004,5.0
2025-03-30,EQ004,7.9
2025-03-31,EQ004,2.1
2025-04-01,EQ004,14.2
2025-04-02,EQ004,4.4
2025-04-03,EQ004,7.9
2025-04-04,EQ004,11.5
2025-04-05,EQ004,0.0
2025-04-06,EQ004,5.4
2025-04-07,EQ004,1.1
2025-04-08,EQ004,6.7
2025-04-09,EQ004,5.4
2025-04-10,EQ004,1.2
2025-04-11,EQ004,0.0
2025-04-12,EQ004,8.9
2025-04-13,EQ004,8.6
2025-04-14,EQ004,11.4
2025-04-15,EQ004,4.6
2025-04-16,EQ004,3.2
2025-04-17,EQ004,6.8
2025-04-18,EQ004,7.7
2025-04-19,EQ004,10.8
2025-04-20,EQ004,12.2
2025-04-21,EQ004,11.6
2025-04-22,EQ004,8.8
2025-04-23,EQ004,0.0
2025-04-24,EQ004,10.4
2025-04-25,EQ004,6.1
2025-04-26,EQ004,8.5
2025-04-27,EQ004,4.4
2025-04-28,EQ004,8.2
2025-04-29,EQ004,8.3
2025-04-30,EQ004,13.2
2025-05-01,EQ004,7.3
2025-05-02,EQ004,8.3
2025-05-03,EQ004,0.0
2025-05-04,EQ004,8.7
2025-05-05,EQ004,6.6
2025-05-06,EQ004,5.6
2025-05-07,EQ004,11.9
2025-05-08,EQ004,5.1
2025-05-09,EQ004,4.0
2025-05-10,EQ004,0.0
2025-05-11,EQ004,10.0
2025-05-12,EQ004,11.5
2025-05-13,EQ004,6.6
2025-05-14,EQ004,6.7
2025-05-15,EQ004,8.8
2025-05-16,EQ004,5.9
2025-05-17,EQ004,5.7
2025-05-18,EQ004,10.6
2025-05-19,EQ004,9.8
2025-05-20,EQ004,11.9
2025-05-21,EQ004,4.2
2025-05-22,EQ004,6.5
2025-05-23,EQ004,8.8
2025-05-24,EQ004,5.2
2025-05-25,EQ004,9.9
2025-05-26,EQ004,11.7
2025-05-27,EQ004,6.2
2025-05-28,EQ004,8.1
2025-05-29,EQ004,12.4
2025-05-30,EQ004,13.4
2025-05-31,EQ004,0.0
2025-06-01,EQ004,10.2
2025-06-02,EQ004,9.8
2025-06-03,EQ004,5.4
2025-06-04,EQ004,9.1
2025-06-05,EQ004,9.7
2025-06-06,EQ004,7.4
2025-06-07,EQ004,6.2
2025-06-08,EQ004,0.0
2025-06-09,EQ004,4.2
2025-06-10,EQ004,2.8
2025-06-11,EQ004,2.2
2025-06-12,EQ004,9.7
2025-06-13,EQ004,8.4
2025-06-14,EQ004,6.5
2025-06-15,EQ004,7.0
2025-06-16,EQ004,8.6
2025-06-17,EQ004,7.5
2025-06-18,EQ004,4.0
2025-06-19,EQ004,10.7
2025-06-20,EQ004,8.9
2025-06-21,EQ004,0.0
2025-06-22,EQ004,8.8
2025-06-23,EQ004,0.0
2025-06-24,EQ004,10.5
2025-06-25,EQ004,5.6
2025-06-26,EQ004,11.6
2025-06-27,EQ004,7.6
2025-06-28,EQ004,10.7
2025-06-29,EQ004,10.2
2025-06-30,EQ004,4.9
2024-07-01,EQ005,9.5
2024-07-02,EQ005,9.0
2024-07-03,EQ005,8.1
2024-07-04,EQ005,7.7
2024-07-05,EQ005,7.7
2024-07-06,EQ005,10.4
2024-07-07,EQ005,9.7
2024-07-08,EQ005,8.1
2024-07-09,EQ005,3.5
2024-07-10,EQ005,9.5
2024-07-11,EQ005,10.2
2024-07-12,EQ005,14.9
2024-07-13,EQ005,11.2
2024-07-14,EQ005,2.3
2024-07-15,EQ005,8.2
2024-07-16,EQ005,13.4
2024-07-17,EQ005,9.9
2024-07-18,EQ005,9.0
2024-07-19,EQ005,10.7
2024-07-20,EQ005,6.1
2024-07-21,EQ005,9.4
2024-07-22,EQ005,7.2
2024-07-23,EQ005,7.9
2024-07-24,EQ005,10.5
2024-07-25,EQ005,5.2
2024-07-26,EQ005,11.9
2024-07-27,EQ005,6.7
2024-07-28,EQ005,8.8
2024-07-29,EQ005,3.8
2024-07-30,EQ005,0.0
2024-07-31,EQ005,10.2
2024-08-01,EQ005,12.3
2024-08-02,EQ005,6.5
2024-08-03,EQ005,4.7
2024-08-04,EQ005,8.8
2024-08-05,EQ005,12.4
2024-08-06,EQ005,3.7
2024-08-07,EQ005,4.7
2024-08-08,EQ005,6.6
2024-08-09,EQ005,5.5
2024-08-10,EQ005,5.5
2024-08-11,EQ005,1.7
2024-08-12,EQ005,9.8
2024-08-13,EQ005,9.0
2024-08-14,EQ005,2.9
2024-08-15,EQ005,0.0
2024-08-16,EQ005,12.4
2024-08-17,EQ005,13.0
2024-08-18,EQ005,5.7
2024-08-19,EQ005,11.5
2024-08-20,EQ005,6.3
2024-08-21,EQ005,8.5
2024-08-22,EQ005,5.5
2024-08-23,EQ005,14.6
2024-08-24,EQ005,7.1
2024-08-25,EQ005,8.4
2024-08-26,EQ005,5.9
2024-08-27,EQ005,13.6
2024-08-28,EQ005,13.7
2024-08-29,EQ005,12.9
2024-08-30,EQ005,10.9
2024-08-31,EQ005,6.1
2024-09-01,EQ005,10.5
2024-09-02,EQ005,8.0
2024-09-03,EQ005,11.9
2024-09-04,EQ005,11.3
2024-09-05,EQ005,6.1
2024-09-06,EQ005,10.8
2024-09-07,EQ005,10.0
2024-09-08,EQ005,0.0
2024-09-09,EQ005,10.4
2024-09-10,EQ005,6.7
2024-09-11,EQ005,5.3
2024-09-12,EQ005,5.5
2024-09-13,EQ005,7.6
2024-09-14,EQ005,9.4
2024-09-15,EQ005,3.9
2024-09-16,EQ005,8.6
2024-09-17,EQ005,9.7
2024-09-18,EQ005,13.6
2024-09-19,EQ005,4.8
2024-09-20,EQ005,7.0
2024-09-21,EQ005,8.8
2024-09-22,EQ005,11.4
2024-09-23,EQ005,7.1
2024-09-24,EQ005,11.6
2024-09-25,EQ005,2.2
2024-09-26,EQ005,4.2
2024-09-27,EQ005,9.0
2024-09-28,EQ005,3.8
2024-09-29,EQ005,4.5
2024-09-30,EQ005,6.4
2024-10-01,EQ005,10.3
2024-10-02,EQ005,2.3
2024-10-03,EQ005,8.5
2024-10-04,EQ005,11.1
2024-10-05,EQ005,0.0
2024-10-06,EQ005,7.4
2024-10-07,EQ005,6.9
2024-10-08,EQ005,9.2
2024-10-09,EQ005,7.4
2024-10-10,EQ005,12.2
2024-10-11,EQ005,4.7
2024-10-12,EQ005,7.8
2024-10-13,EQ005,8.6
2024-10-14,EQ005,6.9
2024-10-15,EQ005,0.0
2024-10-16,EQ005,7.5
2024-10-17,EQ005,10.7
2024-10-18,EQ005,10.3
2024-10-19,EQ005,9.1
2024-10-20,EQ005,4.7
2024-10-21,EQ005,9.2
2024-10-22,EQ005,6.3
2024-10-23,EQ005,9.1
2024-10-24,EQ005,8.4
2024-10-25,EQ005,5.1
2024-10-26,EQ005,5.3
2024-10-27,EQ005,9.1
2024-10-28,EQ005,7.3
2024-10-29,EQ005,5.5
2024-10-30,EQ005,5.2
2024-10-31,EQ005,7.1
2024-11-01,EQ005,12.7
2024-11-02,EQ005,6.4
2024-11-03,EQ005,8.0
2024-11-04,EQ005,8.3
2024-11-05,EQ005,4.6
2024-11-06,EQ005,2.7
2024-11-07,EQ005,4.9
2024-11-08,EQ005,8.7
2024-11-09,EQ005,8.3
2024-11-10,EQ005,10.1
2024-11-11,EQ005,8.3
2024-11-12,EQ005,7.7
2024-11-13,EQ005,6.2
2024-11-14,EQ005,10.7
2024-11-15,EQ005,5.2
2024-11-16,EQ005,4.7
2024-11-17,EQ005,9.7
2024-11-18,EQ005,4.0
2024-11-19,EQ005,15.2
2024-11-20,EQ005,8.2
2024-11-21,EQ005,9.0
2024-11-22,EQ005,5.6
2024-11-23,EQ005,7.1
2024-11-24,EQ005,6.7
2024-11-25,EQ005,6.4
2024-11-26,EQ005,0.0
2024-11-27,EQ005,0.0
2024-11-28,EQ005,9.9
2024-11-29,EQ005,6.7
2024-11-30,EQ005,11.1
2024-12-01,EQ005,16.0
2024-12-02,EQ005,7.1
2024-12-03,EQ005,8.5
2024-12-04,EQ005,9.1
2024-12-05,EQ005,13.4
2024-12-06,EQ005,7.8
2024-12-07,EQ005,5.5
2024-12-08,EQ005,4.2
2024-12-09,EQ005,7.8
2024-12-10,EQ005,6.7
2024-12-11,EQ005,14.0
2024-12-12,EQ005,13.3
2024-12-13,EQ005,4.9
2024-12-14,EQ005,5.9
2024-12-15,EQ005,8.2
2024-12-16,EQ005,12.2
2024-12-17,EQ005,8.2
2024-12-18,EQ005,6.1
2024-12-19,EQ005,7.8
2024-12-20,EQ005,6.1
2024-12-21,EQ005,9.8
2024-12-22,EQ005,5.9
2024-12-23,EQ005,6.5
2024-12-24,EQ005,11.5
2024-12-25,EQ005,5.7
2024-12-26,EQ005,3.7
2024-12-27,EQ005,8.3
2024-12-28,EQ005,6.9
2024-12-29,EQ005,9.5
2024-12-30,EQ005,9.0
2024-12-31,EQ005,7.9
2025-01-01,EQ005,7.8
2025-01-02,EQ005,5.8
2025-01-03,EQ005,8.3
2025-01-04,EQ005,10.6
2025-01-05,EQ005,5.1
2025-01-06,EQ005,8.0
2025-01-07,EQ005,11.1
2025-01-08,EQ005,9.5
2025-01-09,EQ005,11.9
2025-01-10,EQ005,6.3
2025-01-11,EQ005,2.5
2025-01-12,EQ005,8.6
2025-01-13,EQ005,9.1
2025-01-14,EQ005,0.0
2025-01-15,EQ005,12.1
2025-01-16,EQ005,11.6
2025-01-17,EQ005,9.6
2025-01-18,EQ005,10.3
2025-01-19,EQ005,7.4
2025-01-20,EQ005,4.3
2025-01-21,EQ005,8.4
2025-01-22,EQ005,10.9
2025-01-23,EQ005,10.0
2025-01-24,EQ005,10.5
2025-01-25,EQ005,6.7
2025-01-26,EQ005,7.2
2025-01-27,EQ005,9.5
2025-01-28,EQ005,6.4
2025-01-29,EQ005,6.5
2025-01-30,EQ005,8.9
2025-01-31,EQ005,10.3
2025-02-01,EQ005,7.4
2025-02-02,EQ005,4.5
2025-02-03,EQ005,5.8
2025-02-04,EQ005,8.6
2025-02-05,EQ005,8.6
2025-02-06,EQ005,8.7
2025-02-07,EQ005,9.6
2025-02-08,EQ005,8.0
2025-02-09,EQ005,8.8
2025-02-10,EQ005,7.9
2025-02-11,EQ005,11.4
2025-02-12,EQ005,12.3
2025-02-13,EQ005,4.4
2025-02-14,EQ005,7.2
2025-02-15,EQ005,8.1
2025-02-16,EQ005,7.2
2025-02-17,EQ005,13.4
2025-02-18,EQ005,8.7
2025-02-19,EQ005,5.6
2025-02-20,EQ005,9.8
2025-02-21,EQ005,0.0
2025-02-22,EQ005,8.8
2025-02-23,EQ005,8.9
2025-02-24,EQ005,13.4
2025-02-25,EQ005,9.1
2025-02-26,EQ005,7.1
2025-02-27,EQ005,2.1
2025-02-28,EQ005,7.5
2025-03-01,EQ005,11.9
2025-03-02,EQ005,7.7
2025-03-03,EQ005,1.3
2025-03-04,EQ005,6.5
2025-03-05,EQ005,11.0
2025-03-06,EQ005,9.6
2025-03-07,EQ005,5.5
2025-03-08,EQ005,6.3
2025-03-09,EQ005,6.8
2025-03-10,EQ005,6.0
2025-03-11,EQ005,1.9
2025-03-12,EQ005,10.3
2025-03-13,EQ005,11.8
2025-03-14,EQ005,3.4
2025-03-15,EQ005,11.7
2025-03-16,EQ005,7.7
2025-03-17,EQ005,11.7
2025-03-18,EQ005,8.1
2025-03-19,EQ005,0.0
2025-03-20,EQ005,8.4
2025-03-21,EQ005,9.1
2025-03-22,EQ005,5.6
2025-03-23,EQ005,11.6
2025-03-24,EQ005,4.6
2025-03-25,EQ005,6.8
2025-03-26,EQ005,9.6
2025-03-27,EQ005,6.5
2025-03-28,EQ005,10.3
2025-03-29,EQ005,12.1
2025-03-30,EQ005,11.0
2025-03-31,EQ005,2.2
2025-04-01,EQ005,8.4
2025-04-02,EQ005,0.0
2025-04-03,EQ005,11.1
2025-04-04,EQ005,4.0
2025-04-05,EQ005,0.0
2025-04-06,EQ005,10.2
2025-04-07,EQ005,10.0
2025-04-08,EQ005,4.4
2025-04-09,EQ005,10.5
2025-04-10,EQ005,8.8
2025-04-11,EQ005,10.0
2025-04-12,EQ005,5.1
2025-04-13,EQ005,8.5
2025-04-14,EQ005,2.9
2025-04-15,EQ005,1.2
2025-04-16,EQ005,8.4
2025-04-17,EQ005,11.3
2025-04-18,EQ005,8.8
2025-04-19,EQ005,7.8
2025-04-20,EQ005,7.4
2025-04-21,EQ005,5.2
2025-04-22,EQ005,7.3
2025-04-23,EQ005,9.3
2025-04-24,EQ005,6.7
2025-04-25,EQ005,10.3
2025-04-26,EQ005,8.6
2025-04-27,EQ005,9.0
2025-04-28,EQ005,10.7
2025-04-29,EQ005,6.4
2025-04-30,EQ005,10.0
2025-05-01,EQ005,6.8
2025-05-02,EQ005,9.0
2025-05-03,EQ005,6.1
2025-05-04,EQ005,5.3
2025-05-05,EQ005,8.3
2025-05-06,EQ005,2.3
2025-05-07,EQ005,7.1
2025-05-08,EQ005,3.2
2025-05-09,EQ005,10.3
2025-05-10,EQ005,11.2
2025-05-11,EQ005,5.4
2025-05-12,EQ005,9.3
2025-05-13,EQ005,10.7
2025-05-14,EQ005,10.7
2025-05-15,EQ005,8.6
2025-05-16,EQ005,10.2
2025-05-17,EQ005,6.1
2025-05-18,EQ005,8.2
2025-05-19,EQ005,6.6
2025-05-20,EQ005,5.8
2025-05-21,EQ005,8.1
2025-05-22,EQ005,9.0
2025-05-23,EQ005,11.5
2025-05-24,EQ005,8.8
2025-05-25,EQ005,9.9
2025-05-26,EQ005,10.0
2025-05-27,EQ005,16.1
2025-05-28,EQ005,2.6
2025-05-29,EQ005,5.9
2025-05-30,EQ005,12.4
2025-05-31,EQ005,6.9
2025-06-01,EQ005,10.7
2025-06-02,EQ005,8.7
2025-06-03,EQ005,14.3
2025-06-04,EQ005,4.7
2025-06-05,EQ005,11.7
2025-06-06,EQ005,13.2
2025-06-07,EQ005,5.0
2025-06-08,EQ005,10.3
2025-06-09,EQ005,5.1
2025-06-10,EQ005,8.1
2025-06-11,EQ005,7.2
2025-06-12,EQ005,0.8
2025-06-13,EQ005,0.0
2025-06-14,EQ005,9.3
2025-06-15,EQ005,8.4
2025-06-16,EQ005,12.4
2025-06-17,EQ005,9.8
2025-06-18,EQ005,14.9
2025-06-19,EQ005,8.3
2025-06-20,EQ005,7.7
2025-06-21,EQ005,7.4
2025-06-22,EQ005,6.7
2025-06-23,EQ005,1.4
2025-06-24,EQ005,7.3
2025-06-25,EQ005,1.8
2025-06-26,EQ005,9.4
2025-06-27,EQ005,4.3
2025-06-28,EQ005,5.3
2025-06-29,EQ005,6.0
2025-06-30,EQ005,7.4
2024-07-01,EQ006,8.0
2024-07-02,EQ006,11.3
2024-07-03,EQ006,6.3
2024-07-04,EQ006,9.4
2024-07-05,EQ006,16.2
2024-07-06,EQ006,9.1
2024-07-07,EQ006,7.5
2024-07-08,EQ006,5.7
2024-07-09,EQ006,7.4
2024-07-10,EQ006,5.3
2024-07-11,EQ006,8.8
2024-07-12,EQ006,0.0
2024-07-13,EQ006,8.3
2024-07-14,EQ006,1.5
2024-07-15,EQ006,7.9
2024-07-16,EQ006,11.2
2024-07-17,EQ006,6.8
2024-07-18,EQ006,6.0
2024-07-19,EQ006,3.9
2024-07-20,EQ006,2.4
2024-07-21,EQ006,10.5
2024-07-22,EQ006,7.5
2024-07-23,EQ006,10.3
2024-07-24,EQ006,12.6
2024-07-25,EQ006,10.8
2024-07-26,EQ006,6.4
2024-07-27,EQ006,8.4
2024-07-28,EQ006,6.2
2024-07-29,EQ006,5.9
2024-07-30,EQ006,9.0
2024-07-31,EQ006,5.5
2024-08-01,EQ006,1.4
2024-08-02,EQ006,5.3
2024-08-03,EQ006,7.1
2024-08-04,EQ006,12.6
2024-08-05,EQ006,6.5
2024-08-06,EQ006,9.5
2024-08-07,EQ006,7.5
2024-08-08,EQ006,11.7
2024-08-09,EQ006,11.5
2024-08-10,EQ006,11.5
2024-08-11,EQ006,2.8
2024-08-12,EQ006,8.6
2024-08-13,EQ006,10.3
2024-08-14,EQ006,9.1
2024-08-15,EQ006,9.9
2024-08-16,EQ006,8.2
2024-08-17,EQ006,5.8
2024-08-18,EQ006,2.9
2024-08-19,EQ006,0.0
2024-08-20,EQ006,6.1
2024-08-21,EQ006,16.0
2024-08-22,EQ006,6.5
2024-08-23,EQ006,2.1
2024-08-24,EQ006,10.2
2024-08-25,EQ006,10.6
2024-08-26,EQ006,11.9
2024-08-27,EQ006,9.4
2024-08-28,EQ006,10.5
2024-08-29,EQ006,13.5
2024-08-30,EQ006,5.8
2024-08-31,EQ006,5.2
2024-09-01,EQ006,4.7
2024-09-02,EQ006,7.2
2024-09-03,EQ006,12.3
2024-09-04,EQ006,9.6
2024-09-05,EQ006,9.5
2024-09-06,EQ006,2.5
2024-09-07,EQ006,5.9
2024-09-08,EQ006,2.5
2024-09-09,EQ006,11.5
2024-09-10,EQ006,12.8
2024-09-11,EQ006,10.3
2024-09-12,EQ006,5.0
2024-09-13,EQ006,12.4
2024-09-14,EQ006,7.2
2024-09-15,EQ006,4.4
2024-09-16,EQ006,5.1
2024-09-17,EQ006,6.7
2024-09-18,EQ006,8.1
2024-09-19,EQ006,7.5
2024-09-20,EQ006,3.8
2024-09-21,EQ006,11.6
2024-09-22,EQ006,7.5
2024-09-23,EQ006,5.9
2024-09-24,EQ006,11.3
2024-09-25,EQ006,4.4
2024-09-26,EQ006,3.1
2024-09-27,EQ006,11.8
2024-09-28,EQ006,13.7
2024-09-29,EQ006,6.6
2024-09-30,EQ006,7.9
2024-10-01,EQ006,4.6
2024-10-02,EQ006,8.0
2024-10-03,EQ006,6.6
2024-10-04,EQ006,7.7
2024-10-05,EQ006,9.2
2024-10-06,EQ006,4.7
2024-10-07,EQ006,6.9
2024-10-08,EQ006,2.6
2024-10-09,EQ006,6.9
2024-10-10,EQ006,7.7
2024-10-11,EQ006,8.7
2024-10-12,EQ006,8.7
2024-10-13,EQ006,10.7
2024-10-14,EQ006,3.4
2024-10-15,EQ006,3.5
2024-10-16,EQ006,0.0
2024-10-17,EQ006,9.6
2024-10-18,EQ006,1.9
2024-10-19,EQ006,8.5
2024-10-20,EQ006,4.5
2024-10-21,EQ006,12.7
2024-10-22,EQ006,8.8
2024-10-23,EQ006,0.0
2024-10-24,EQ006,7.3
2024-10-25,EQ006,11.7
2024-10-26,EQ006,4.8
2024-10-27,EQ006,5.4
2024-10-28,EQ006,4.2
2024-10-29,EQ006,5.4
2024-10-30,EQ006,8.2
2024-10-31,EQ006,9.5
2024-11-01,EQ006,10.9
2024-11-02,EQ006,2.5
2024-11-03,EQ006,7.5
2024-11-04,EQ006,4.7
2024-11-05,EQ006,7.4
2024-11-06,EQ006,15.0
2024-11-07,EQ006,8.9
2024-11-08,EQ006,10.7
2024-11-09,EQ006,13.9
2024-11-10,EQ006,11.4
2024-11-11,EQ006,6.7
2024-11-12,EQ006,4.2
2024-11-13,EQ006,7.9
2024-11-14,EQ006,0.0
2024-11-15,EQ006,0.0
2024-11-16,EQ006,6.3
2024-11-17,EQ006,3.4
2024-11-18,EQ006,8.7
2024-11-19,EQ006,8.8
2024-11-20,EQ006,13.3
2024-11-21,EQ006,6.9
2024-11-22,EQ006,8.8
2024-11-23,EQ006,6.0
2024-11-24,EQ006,10.6
2024-11-25,EQ006,7.6
2024-11-26,EQ006,4.5
2024-11-27,EQ006,8.0
2024-11-28,EQ006,9.2
2024-11-29,EQ006,8.8
2024-11-30,EQ006,11.1
2024-12-01,EQ006,0.0
2024-12-02,EQ006,3.7
2024-12-03,EQ006,5.5
2024-12-04,EQ006,0.0
2024-12-05,EQ006,9.9
2024-12-06,EQ006,5.8
2024-12-07,EQ006,0.0
2024-12-08,EQ006,8.7
2024-12-09,EQ006,0.7
2024-12-10,EQ006,16.1
2024-12-11,EQ006,7.2
2024-12-12,EQ006,11.6
2024-12-13,EQ006,7.0
2024-12-14,EQ006,9.2
2024-12-15,EQ006,12.5
2024-12-16,EQ006,11.5
2024-12-17,EQ006,7.4
2024-12-18,EQ006,7.6
2024-12-19,EQ006,11.0
2024-12-20,EQ006,15.0
2024-12-21,EQ006,8.6
2024-12-22,EQ006,13.9
2024-12-23,EQ006,7.3
2024-12-24,EQ006,10.9
2024-12-25,EQ006,11.3
2024-12-26,EQ006,6.8
2024-12-27,EQ006,5.8
2024-12-28,EQ006,11.4
2024-12-29,EQ006,6.4
2024-12-30,EQ006,5.3
2024-12-31,EQ006,5.9
2025-01-01,EQ006,6.4
2025-01-02,EQ006,10.6
2025-01-03,EQ006,9.5
2025-01-04,EQ006,10.1
2025-01-05,EQ006,9.3
2025-01-06,EQ006,6.2
2025-01-07,EQ006,10.1
2025-01-08,EQ006,11.5
2025-01-09,EQ006,9.8
2025-01-10,EQ006,9.3
2025-01-11,EQ006,5.7
2025-01-12,EQ006,8.6
2025-01-13,EQ006,5.5
2025-01-14,EQ006,7.9
2025-01-15,EQ006,3.1
2025-01-16,EQ006,3.1
2025-01-17,EQ006,7.4
2025-01-18,EQ006,6.4
2025-01-19,EQ006,8.3
2025-01-20,EQ006,7.6
2025-01-21,EQ006,8.1
2025-01-22,EQ006,9.8
2025-01-23,EQ006,6.6
2025-01-24,EQ006,7.3
2025-01-25,EQ006,12.4
2025-01-26,EQ006,8.0
2025-01-27,EQ006,7.5
2025-01-28,EQ006,8.2
2025-01-29,EQ006,7.5
2025-01-30,EQ006,5.9
2025-01-31,EQ006,5.0
2025-02-01,EQ006,5.7
2025-02-02,EQ006,10.6
2025-02-03,EQ006,6.1
2025-02-04,EQ006,7.5
2025-02-05,EQ006,10.1
2025-02-06,EQ006,7.2
2025-02-07,EQ006,9.9
2025-02-08,EQ006,3.4
2025-02-09,EQ006,7.6
2025-02-10,EQ006,8.2
2025-02-11,EQ006,0.0
2025-02-12,EQ006,8.1
2025-02-13,EQ006,3.0
2025-02-14,EQ006,11.6
2025-02-15,EQ006,5.4
2025-02-16,EQ006,9.0
2025-02-17,EQ006,8.0
2025-02-18,EQ006,11.0
2025-02-19,EQ006,14.6
2025-02-20,EQ006,4.1
2025-02-21,EQ006,6.1
2025-02-22,EQ006,8.6
2025-02-23,EQ006,4.7
2025-02-24,EQ006,10.3
2025-02-25,EQ006,10.5
2025-02-26,EQ006,9.7
2025-02-27,EQ006,8.7
2025-02-28,EQ006,12.1
2025-03-01,EQ006,4.5
2025-03-02,EQ006,8.2
2025-03-03,EQ006,5.8
2025-03-04,EQ006,10.7
2025-03-05,EQ006,2.5
2025-03-06,EQ006,7.9
2025-03-07,EQ006,9.0
2025-03-08,EQ006,5.2
2025-03-09,EQ006,6.1
2025-03-10,EQ006,8.0
2025-03-11,EQ006,10.9
2025-03-12,EQ006,4.9
2025-03-13,EQ006,5.4
2025-03-14,EQ006,11.4
2025-03-15,EQ006,7.2
2025-03-16,EQ006,5.7
2025-03-17,EQ006,10.2
2025-03-18,EQ006,6.5
2025-03-19,EQ006,11.1
2025-03-20,EQ006,6.0
2025-03-21,EQ006,7.5
2025-03-22,EQ006,10.8
2025-03-23,EQ006,7.3
2025-03-24,EQ006,10.3
2025-03-25,EQ006,7.8
2025-03-26,EQ006,13.9
2025-03-27,EQ006,12.7
2025-03-28,EQ006,4.0
2025-03-29,EQ006,9.6
2025-03-30,EQ006,5.6
2025-03-31,EQ006,8.6
2025-04-01,EQ006,8.2
2025-04-02,EQ006,4.8
2025-04-03,EQ006,11.2
2025-04-04,EQ006,8.6
2025-04-05,EQ006,0.0
2025-04-06,EQ006,7.1
2025-04-07,EQ006,6.7
2025-04-08,EQ006,8.4
2025-04-09,EQ006,9.2
2025-04-10,EQ006,7.6
2025-04-11,EQ006,0.0
2025-04-12,EQ006,8.1
2025-04-13,EQ006,3.7
2025-04-14,EQ006,0.0
2025-04-15,EQ006,7.4
2025-04-16,EQ006,3.8
2025-04-17,EQ006,3.8
2025-04-18,EQ006,11.7
2025-04-19,EQ006,7.0
2025-04-20,EQ006,6.8
2025-04-21,EQ006,9.4
2025-04-22,EQ006,0.0
2025-04-23,EQ006,6.9
2025-04-24,EQ006,0.0
2025-04-25,EQ006,14.3
2025-04-26,EQ006,7.2
2025-04-27,EQ006,9.1
2025-04-28,EQ006,0.0
2025-04-29,EQ006,10.9
2025-04-30,EQ006,12.8
2025-05-01,EQ006,5.8
2025-05-02,EQ006,6.7
2025-05-03,EQ006,11.8
2025-05-04,EQ006,10.4
2025-05-05,EQ006,11.2
2025-05-06,EQ006,3.9
2025-05-07,EQ006,12.6
2025-05-08,EQ006,5.7
2025-05-09,EQ006,8.6
2025-05-10,EQ006,7.6
2025-05-11,EQ006,5.4
2025-05-12,EQ006,3.8
2025-05-13,EQ006,2.8
2025-05-14,EQ006,8.4
2025-05-15,EQ006,3.4
2025-05-16,EQ006,4.6
2025-05-17,EQ006,7.3
2025-05-18,EQ006,0.1
2025-05-19,EQ006,10.3
2025-05-20,EQ006,0.8
2025-05-21,EQ006,7.8
2025-05-22,EQ006,8.0
2025-05-23,EQ006,9.6
2025-05-24,EQ006,7.9
2025-05-25,EQ006,0.0
2025-05-26,EQ006,14.1
2025-05-27,EQ006,8.6
2025-05-28,EQ006,11.2
2025-05-29,EQ006,5.8
2025-05-30,EQ006,8.4
2025-05-31,EQ006,12.6
2025-06-01,EQ006,7.3
2025-06-02,EQ006,8.6
2025-06-03,EQ006,0.0
2025-06-04,EQ006,10.9
2025-06-05,EQ006,5.8
2025-06-06,EQ006,1.5
2025-06-07,EQ006,8.8
2025-06-08,EQ006,0.0
2025-06-09,EQ006,11.0
2025-06-10,EQ006,3.9
2025-06-11,EQ006,10.0
2025-06-12,EQ006,10.0
2025-06-13,EQ006,0.0
2025-06-14,EQ006,1.2
2025-06-15,EQ006,5.2
2025-06-16,EQ006,6.8
2025-06-17,EQ006,7.5
2025-06-18,EQ006,5.8
2025-06-19,EQ006,5.6
2025-06-20,EQ006,13.0
2025-06-21,EQ006,7.7
2025-06-22,EQ006,5.9
2025-06-23,EQ006,7.9
2025-06-24,EQ006,9.6
2025-06-25,EQ006,8.2
2025-06-26,EQ006,7.4
2025-06-27,EQ006,6.0
2025-06-28,EQ006,6.0
2025-06-29,EQ006,6.2
2025-06-30,EQ006,9.0
2024-07-01,EQ007,5.0
2024-07-02,EQ007,9.2
2024-07-03,EQ007,12.2
2024-07-04,EQ007,9.0
2024-07-05,EQ007,6.9
2024-07-06,EQ007,4.1
2024-07-07,EQ007,12.7
2024-07-08,EQ007,4.5
2024-07-09,EQ007,10.5
2024-07-10,EQ007,9.9
2024-07-11,EQ007,7.3
2024-07-12,EQ007,0.0
2024-07-13,EQ007,7.2
2024-07-14,EQ007,2.5
2024-07-15,EQ007,9.0
2024-07-16,EQ007,9.9
2024-07-17,EQ007,4.7
2024-07-18,EQ007,7.5
2024-07-19,EQ007,8.1
2024-07-20,EQ007,9.8
2024-07-21,EQ007,8.0
2024-07-22,EQ007,3.1
2024-07-23,EQ007,6.4
2024-07-24,EQ007,8.7
2024-07-25,EQ007,10.5
2024-07-26,EQ007,6.1
2024-07-27,EQ007,14.6
2024-07-28,EQ007,2.3
2024-07-29,EQ007,6.3
2024-07-30,EQ007,7.8
2024-07-31,EQ007,7.4
2024-08-01,EQ007,0.0
2024-08-02,EQ007,4.3
2024-08-03,EQ007,9.3
2024-08-04,EQ007,9.1
2024-08-05,EQ007,8.1
2024-08-06,EQ007,9.0
2024-08-07,EQ007,6.7
2024-08-08,EQ007,3.1
2024-08-09,EQ007,5.9
2024-08-10,EQ007,0.0
2024-08-11,EQ007,8.5
2024-08-12,EQ007,8.5
2024-08-13,EQ007,8.1
2024-08-14,EQ007,9.6
2024-08-15,EQ007,6.3
2024-08-16,EQ007,8.1
2024-08-17,EQ007,9.7
2024-08-18,EQ007,7.7
2024-08-19,EQ007,4.3
2024-08-20,EQ007,5.1
2024-08-21,EQ007,10.5
2024-08-22,EQ007,12.2
2024-08-23,EQ007,11.5
2024-08-24,EQ007,8.7
2024-08-25,EQ007,4.4
2024-08-26,EQ007,8.0
2024-08-27,EQ007,12.7
2024-08-28,EQ007,9.9
2024-08-29,EQ007,7.4
2024-08-30,EQ007,9.9
2024-08-31,EQ007,4.2
2024-09-01,EQ007,5.9
2024-09-02,EQ007,4.7
2024-09-03,EQ007,9.4
2024-09-04,EQ007,10.1
2024-09-05,EQ007,7.5
2024-09-06,EQ007,5.4
2024-09-07,EQ007,7.9
2024-09-08,EQ007,6.5
2024-09-09,EQ007,5.6
2024-09-10,EQ007,9.0
2024-09-11,EQ007,5.7
2024-09-12,EQ007,3.3
2024-09-13,EQ007,4.0
2024-09-14,EQ007,3.2
2024-09-15,EQ007,8.7
2024-09-16,EQ007,8.5
2024-09-17,EQ007,8.3
2024-09-18,EQ007,9.8
2024-09-19,EQ007,11.6
2024-09-20,EQ007,6.2
2024-09-21,EQ007,9.2
2024-09-22,EQ007,3.3
2024-09-23,EQ007,12.1
2024-09-24,EQ007,4.3
2024-09-25,EQ007,5.9
2024-09-26,EQ007,6.2
2024-09-27,EQ007,3.4
2024-09-28,EQ007,8.1
2024-09-29,EQ007,8.6
2024-09-30,EQ007,7.4
2024-10-01,EQ007,3.4
2024-10-02,EQ007,14.0
2024-10-03,EQ007,9.6
2024-10-04,EQ007,15.9
2024-10-05,EQ007,5.6
2024-10-06,EQ007,10.9
2024-10-07,EQ007,10.3
2024-10-08,EQ007,7.1
2024-10-09,EQ007,12.2
2024-10-10,EQ007,6.8
2024-10-11,EQ007,6.9
2024-10-12,EQ007,0.0
2024-10-13,EQ007,9.2
2024-10-14,EQ007,4.0
2024-10-15,EQ007,6.3
2024-10-16,EQ007,4.9
2024-10-17,EQ007,6.9
2024-10-18,EQ007,9.3
2024-10-19,EQ007,8.0
2024-10-20,EQ007,10.1
2024-10-21,EQ007,11.8
2024-10-22,EQ007,6.9
2024-10-23,EQ007,6.6
2024-10-24,EQ007,10.9
2024-10-25,EQ007,11.1
2024-10-26,EQ007,10.2
2024-10-27,EQ007,5.1
2024-10-28,EQ007,9.3
2024-10-29,EQ007,8.3
2024-10-30,EQ007,11.2
2024-10-31,EQ007,6.3
2024-11-01,EQ007,3.0
2024-11-02,EQ007,10.1
2024-11-03,EQ007,0.3
2024-11-04,EQ007,5.8
2024-11-05,EQ007,4.9
2024-11-06,EQ007,4.9
2024-11-07,EQ007,5.8
2024-11-08,EQ007,11.7
2024-11-09,EQ007,10.5
2024-11-10,EQ007,7.2
2024-11-11,EQ007,0.0
2024-11-12,EQ007,11.4
2024-11-13,EQ007,4.8
2024-11-14,EQ007,4.4
2024-11-15,EQ007,10.6
2024-11-16,EQ007,9.7
2024-11-17,EQ007,6.6
2024-11-18,EQ007,0.0
2024-11-19,EQ007,4.6
2024-11-20,EQ007,12.4
2024-11-21,EQ007,2.8
2024-11-22,EQ007,6.2
2024-11-23,EQ007,8.7
2024-11-24,EQ007,13.4
2024-11-25,EQ007,9.1
2024-11-26,EQ007,9.4
2024-11-27,EQ007,6.3
2024-11-28,EQ007,9.7
2024-11-29,EQ007,8.3
2024-11-30,EQ007,0.0
2024-12-01,EQ007,3.2
2024-12-02,EQ007,10.4
2024-12-03,EQ007,10.9
2024-12-04,EQ007,10.4
2024-12-05,EQ007,8.1
2024-12-06,EQ007,5.1
2024-12-07,EQ007,1.1
2024-12-08,EQ007,8.5
2024-12-09,EQ007,11.2
2024-12-10,EQ007,11.0
2024-12-11,EQ007,10.4
2024-12-12,EQ007,7.8
2024-12-13,EQ007,11.3
2024-12-14,EQ007,10.8
2024-12-15,EQ007,6.7
2024-12-16,EQ007,10.0
2024-12-17,EQ007,6.4
2024-12-18,EQ007,9.6
2024-12-19,EQ007,4.1
2024-12-20,EQ007,4.3
2024-12-21,EQ007,11.2
2024-12-22,EQ007,10.8
2024-12-23,EQ007,9.9
2024-12-24,EQ007,8.3
2024-12-25,EQ007,0.8
2024-12-26,EQ007,7.8
2024-12-27,EQ007,9.4
2024-12-28,EQ007,6.4
2024-12-29,EQ007,5.9
2024-12-30,EQ007,12.3
2024-12-31,EQ007,7.8
2025-01-01,EQ007,9.4
2025-01-02,EQ007,0.0
2025-01-03,EQ007,10.3
2025-01-04,EQ007,5.0
2025-01-05,EQ007,8.6
2025-01-06,EQ007,12.0
2025-01-07,EQ007,13.5
2025-01-08,EQ007,8.1
2025-01-09,EQ007,7.3
2025-01-10,EQ007,8.8
2025-01-11,EQ007,8.7
2025-01-12,EQ007,12.2
2025-01-13,EQ007,5.0
2025-01-14,EQ007,7.2
2025-01-15,EQ007,4.6
2025-01-16,EQ007,5.0
2025-01-17,EQ007,9.1
2025-01-18,EQ007,10.4
2025-01-19,EQ007,6.1
2025-01-20,EQ007,10.3
2025-01-21,EQ007,11.3
2025-01-22,EQ007,13.8
2025-01-23,EQ007,8.2
2025-01-24,EQ007,6.1
2025-01-25,EQ007,5.0
2025-01-26,EQ007,4.7
2025-01-27,EQ007,11.7
2025-01-28,EQ007,3.5
2025-01-29,EQ007,11.7
2025-01-30,EQ007,5.4
2025-01-31,EQ007,5.9
2025-02-01,EQ007,7.5
2025-02-02,EQ007,5.9
2025-02-03,EQ007,10.8
2025-02-04,EQ007,13.4
2025-02-05,EQ007,6.0
2025-02-06,EQ007,6.7
2025-02-07,EQ007,7.5
2025-02-08,EQ007,9.6
2025-02-09,EQ007,7.5
2025-02-10,EQ007,12.2
2025-02-11,EQ007,11.4
2025-02-12,EQ007,4.4
2025-02-13,EQ007,9.6
2025-02-14,EQ007,12.6
2025-02-15,EQ007,6.5
2025-02-16,EQ007,7.1
2025-02-17,EQ007,6.4
2025-02-18,EQ007,6.5
2025-02-19,EQ007,3.0
2025-02-20,EQ007,4.0
2025-02-21,EQ007,8.2
2025-02-22,EQ007,0.0
2025-02-23,EQ007,12.5
2025-02-24,EQ007,6.2
2025-02-25,EQ007,6.1
2025-02-26,EQ007,13.1
2025-02-27,EQ007,4.7
2025-02-28,EQ007,3.0
2025-03-01,EQ007,5.5
2025-03-02,EQ007,6.0
2025-03-03,EQ007,2.8
2025-03-04,EQ007,7.6
2025-03-05,EQ007,0.0
2025-03-06,EQ007,10.8
2025-03-07,EQ007,4.1
2025-03-08,EQ007,8.3
2025-03-09,EQ007,9.2
2025-03-10,EQ007,7.7
2025-03-11,EQ007,8.6
2025-03-12,EQ007,8.6
2025-03-13,EQ007,5.6
2025-03-14,EQ007,12.5
2025-03-15,EQ007,11.7
2025-03-16,EQ007,11.6
2025-03-17,EQ007,11.0
2025-03-18,EQ007,3.3
2025-03-19,EQ007,10.8
2025-03-20,EQ007,10.0
2025-03-21,EQ007,0.0
2025-03-22,EQ007,3.4
2025-03-23,EQ007,7.4
2025-03-24,EQ007,8.8
2025-03-25,EQ007,13.0
2025-03-26,EQ007,10.2
2025-03-27,EQ007,5.4
2025-03-28,EQ007,13.1
2025-03-29,EQ007,8.1
2025-03-30,EQ007,7.2
2025-03-31,EQ007,7.0
2025-04-01,EQ007,3.1
2025-04-02,EQ007,7.7
2025-04-03,EQ007,9.5
2025-04-04,EQ007,6.8
2025-04-05,EQ007,9.3
2025-04-06,EQ007,5.4
2025-04-07,EQ007,7.6
2025-04-08,EQ007,8.9
2025-04-09,EQ007,8.6
2025-04-10,EQ007,3.2
2025-04-11,EQ007,6.7
2025-04-12,EQ007,13.0
2025-04-13,EQ007,6.5
2025-04-14,EQ007,8.0
2025-04-15,EQ007,7.7
2025-04-16,EQ007,12.7
2025-04-17,EQ007,11.9
2025-04-18,EQ007,10.4
2025-04-19,EQ007,5.1
2025-04-20,EQ007,9.1
2025-04-21,EQ007,9.7
2025-04-22,EQ007,5.9
2025-04-23,EQ007,5.4
2025-04-24,EQ007,13.1
2025-04-25,EQ007,7.1
2025-04-26,EQ007,12.8
2025-04-27,EQ007,11.0
2025-04-28,EQ007,9.2
2025-04-29,EQ007,9.4
2025-04-30,EQ007,3.8
2025-05-01,EQ007,8.6
2025-05-02,EQ007,12.3
2025-05-03,EQ007,10.0
2025-05-04,EQ007,8.5
2025-05-05,EQ007,13.1
2025-05-06,EQ007,7.4
2025-05-07,EQ007,6.1
2025-05-08,EQ007,8.5
2025-05-09,EQ007,10.3
2025-05-10,EQ007,2.8
2025-05-11,EQ007,8.9
2025-05-12,EQ007,10.4
2025-05-13,EQ007,7.2
2025-05-14,EQ007,11.3
2025-05-15,EQ007,9.9
2025-05-16,EQ007,14.4
2025-05-17,EQ007,5.7
2025-05-18,EQ007,10.5
2025-05-19,EQ007,4.9
2025-05-20,EQ007,3.2
2025-05-21,EQ007,1.9
2025-05-22,EQ007,9.6
2025-05-23,EQ007,0.0
2025-05-24,EQ007,8.6
2025-05-25,EQ007,6.6
2025-05-26,EQ007,2.7
2025-05-27,EQ007,5.9
2025-05-28,EQ007,8.0
2025-05-29,EQ007,10.4
2025-05-30,EQ007,8.0
2025-05-31,EQ007,8.8
2025-06-01,EQ007,6.9
2025-06-02,EQ007,13.2
2025-06-03,EQ007,4.9
2025-06-04,EQ007,5.9
2025-06-05,EQ007,6.5
2025-06-06,EQ007,9.6
2025-06-07,EQ007,4.9
2025-06-08,EQ007,8.4
2025-06-09,EQ007,8.5
2025-06-10,EQ007,5.9
2025-06-11,EQ007,9.0
2025-06-12,EQ007,0.0
2025-06-13,EQ007,5.0
2025-06-14,EQ007,4.6
2025-06-15,EQ007,8.3
2025-06-16,EQ007,3.0
2025-06-17,EQ007,1.6
2025-06-18,EQ007,9.6
2025-06-19,EQ007,0.0
2025-06-20,EQ007,11.1
2025-06-21,EQ007,6.6
2025-06-22,EQ007,6.0
2025-06-23,EQ007,11.0
2025-06-24,EQ007,4.6
2025-06-25,EQ007,3.9
2025-06-26,EQ007,10.1
2025-06-27,EQ007,8.0
2025-06-28,EQ007,11.2
2025-06-29,EQ007,1.6
2025-06-30,EQ007,3.8
2024-07-01,EQ008,8.0
2024-07-02,EQ008,9.3
2024-07-03,EQ008,10.5
2024-07-04,EQ008,8.5
2024-07-05,EQ008,8.5
2024-07-06,EQ008,6.8
2024-07-07,EQ008,12.8
2024-07-08,EQ008,4.7
2024-07-09,EQ008,0.0
2024-07-10,EQ008,9.1
2024-07-11,EQ008,5.0
2024-07-12,EQ008,9.6
2024-07-13,EQ008,4.9
2024-07-14,EQ008,0.0
2024-07-15,EQ008,10.2
2024-07-16,EQ008,8.3
2024-07-17,EQ008,13.2
2024-07-18,EQ008,7.2
2024-07-19,EQ008,9.3
2024-07-20,EQ008,5.7
2024-07-21,EQ008,7.1
2024-07-22,EQ008,8.3
2024-07-23,EQ008,3.4
2024-07-24,EQ008,3.7
2024-07-25,EQ008,9.8
2024-07-26,EQ008,7.6
2024-07-27,EQ008,6.2
2024-07-28,EQ008,5.8
2024-07-29,EQ008,5.9
2024-07-30,EQ008,8.3
2024-07-31,EQ008,9.3
2024-08-01,EQ008,1.7
2024-08-02,EQ008,0.0
2024-08-03,EQ008,12.2
2024-08-04,EQ008,12.0
2024-08-05,EQ008,1.0
2024-08-06,EQ008,11.3
2024-08-07,EQ008,11.2
2024-08-08,EQ008,8.0
2024-08-09,EQ008,4.1
2024-08-10,EQ008,11.0
2024-08-11,EQ008,7.3
2024-08-12,EQ008,9.6
2024-08-13,EQ008,14.7
2024-08-14,EQ008,8.8
2024-08-15,EQ008,5.2
2024-08-16,EQ008,7.0
2024-08-17,EQ008,5.6
2024-08-18,EQ008,9.3
2024-08-19,EQ008,5.6
2024-08-20,EQ008,6.6
2024-08-21,EQ008,4.1
2024-08-22,EQ008,7.6
2024-08-23,EQ008,8.5
2024-08-24,EQ008,0.0
2024-08-25,EQ008,8.8
2024-08-26,EQ008,7.9
2024-08-27,EQ008,5.7
2024-08-28,EQ008,14.1
2024-08-29,EQ008,10.9
2024-08-30,EQ008,4.7
2024-08-31,EQ008,10.5
2024-09-01,EQ008,11.7
2024-09-02,EQ008,8.4
2024-09-03,EQ008,9.1
2024-09-04,EQ008,9.0
2024-09-05,EQ008,1.7
2024-09-06,EQ008,7.4
2024-09-07,EQ008,7.3
2024-09-08,EQ008,12.3
2024-09-09,EQ008,9.0
2024-09-10,EQ008,7.1
2024-09-11,EQ008,7.7
2024-09-12,EQ008,11.1
2024-09-13,EQ008,7.4
2024-09-14,EQ008,5.9
2024-09-15,EQ008,7.2
2024-09-16,EQ008,10.8
2024-09-17,EQ008,9.5
2024-09-18,EQ008,8.1
2024-09-19,EQ008,8.6
2024-09-20,EQ008,6.3
2024-09-21,EQ008,0.0
2024-09-22,EQ008,7.4
2024-09-23,EQ008,6.0
2024-09-24,EQ008,0.0
2024-09-25,EQ008,7.1
2024-09-26,EQ008,12.0
2024-09-27,EQ008,4.8
2024-09-28,EQ008,5.9
2024-09-29,EQ008,4.2
2024-09-30,EQ008,3.6
2024-10-01,EQ008,7.4
2024-10-02,EQ008,6.1
2024-10-03,EQ008,13.3
2024-10-04,EQ008,7.2
2024-10-05,EQ008,11.9
2024-10-06,EQ008,10.9
2024-10-07,EQ008,7.4
2024-10-08,EQ008,14.3
2024-10-09,EQ008,8.8
2024-10-10,EQ008,12.5
2024-10-11,EQ008,12.2
2024-10-12,EQ008,9.2
2024-10-13,EQ008,10.3
2024-10-14,EQ008,9.9
2024-10-15,EQ008,4.6
2024-10-16,EQ008,8.2
2024-10-17,EQ008,11.2
2024-10-18,EQ008,12.6
2024-10-19,EQ008,5.8
2024-10-20,EQ008,9.6
2024-10-21,EQ008,8.5
2024-10-22,EQ008,7.6
2024-10-23,EQ008,9.1
2024-10-24,EQ008,8.7
2024-10-25,EQ008,9.6
2024-10-26,EQ008,12.3
2024-10-27,EQ008,10.4
2024-10-28,EQ008,8.9
2024-10-29,EQ008,13.6
2024-10-30,EQ008,11.3
2024-10-31,EQ008,7.7
2024-11-01,EQ008,4.3
2024-11-02,EQ008,5.0
2024-11-03,EQ008,10.8
2024-11-04,EQ008,6.1
2024-11-05,EQ008,5.0
2024-11-06,EQ008,5.7
2024-11-07,EQ008,5.9
2024-11-08,EQ008,10.6
2024-11-09,EQ008,7.5
2024-11-10,EQ008,0.0
2024-11-11,EQ008,3.9
2024-11-12,EQ008,8.1
2024-11-13,EQ008,8.7
2024-11-14,EQ008,6.6
2024-11-15,EQ008,11.5
2024-11-16,EQ008,6.7
2024-11-17,EQ008,11.3
2024-11-18,EQ008,9.8
2024-11-19,EQ008,10.8
2024-11-20,EQ008,4.7
2024-11-21,EQ008,8.3
2024-11-22,EQ008,7.8
2024-11-23,EQ008,3.7
2024-11-24,EQ008,11.3
2024-11-25,EQ008,5.5
2024-11-26,EQ008,6.2
2024-11-27,EQ008,5.0
2024-11-28,EQ008,0.0
2024-11-29,EQ008,10.1
2024-11-30,EQ008,3.4
2024-12-01,EQ008,9.9
2024-12-02,EQ008,11.1
2024-12-03,EQ008,9.6
2024-12-04,EQ008,10.1
2024-12-05,EQ008,10.3
2024-12-06,EQ008,5.2
2024-12-07,EQ008,12.3
2024-12-08,EQ008,6.6
2024-12-09,EQ008,7.8
2024-12-10,EQ008,7.0
2024-12-11,EQ008,9.5
2024-12-12,EQ008,6.4
2024-12-13,EQ008,8.2
2024-12-14,EQ008,4.3
2024-12-15,EQ008,11.5
2024-12-16,EQ008,10.0
2024-12-17,EQ008,7.1
2024-12-18,EQ008,6.6
2024-12-19,EQ008,9.9
2024-12-20,EQ008,5.9
2024-12-21,EQ008,8.4
2024-12-22,EQ008,11.5
2024-12-23,EQ008,5.6
2024-12-24,EQ008,9.1
2024-12-25,EQ008,8.9
2024-12-26,EQ008,7.7
2024-12-27,EQ008,6.5
2024-12-28,EQ008,0.0
2024-12-29,EQ008,11.6
2024-12-30,EQ008,6.2
2024-12-31,EQ008,2.6
2025-01-01,EQ008,9.9
2025-01-02,EQ008,4.4
2025-01-03,EQ008,10.1
2025-01-04,EQ008,12.0
2025-01-05,EQ008,9.9
2025-01-06,EQ008,11.2
2025-01-07,EQ008,14.1
2025-01-08,EQ008,10.9
2025-01-09,EQ008,9.0
2025-01-10,EQ008,0.0
2025-01-11,EQ008,12.9
2025-01-12,EQ008,13.3
2025-01-13,EQ008,13.3
2025-01-14,EQ008,6.5
2025-01-15,EQ008,3.9
2025-01-16,EQ008,6.3
2025-01-17,EQ008,0.0
2025-01-18,EQ008,10.1
2025-01-19,EQ008,8.5
2025-01-20,EQ008,7.4
2025-01-21,EQ008,9.7
2025-01-22,EQ008,3.6
2025-01-23,EQ008,8.4
2025-01-24,EQ008,11.4
2025-01-25,EQ008,9.6
2025-01-26,EQ008,10.1
2025-01-27,EQ008,12.8
2025-01-28,EQ008,7.8
2025-01-29,EQ008,6.0
2025-01-30,EQ008,11.6
2025-01-31,EQ008,11.5
2025-02-01,EQ008,9.7
2025-02-02,EQ008,7.5
2025-02-03,EQ008,8.0
2025-02-04,EQ008,4.2
2025-02-05,EQ008,11.3
2025-02-06,EQ008,11.2
2025-02-07,EQ008,4.1
2025-02-08,EQ008,10.6
2025-02-09,EQ008,9.2
2025-02-10,EQ008,4.9
2025-02-11,EQ008,4.4
2025-02-12,EQ008,9.1
2025-02-13,EQ008,6.8
2025-02-14,EQ008,13.5
2025-02-15,EQ008,10.9
2025-02-16,EQ008,9.4
2025-02-17,EQ008,9.6
2025-02-18,EQ008,12.0
2025-02-19,EQ008,10.5
2025-02-20,EQ008,9.5
2025-02-21,EQ008,5.1
2025-02-22,EQ008,17.2
2025-02-23,EQ008,4.7
2025-02-24,EQ008,7.1
2025-02-25,EQ008,3.0
2025-02-26,EQ008,9.6
2025-02-27,EQ008,8.5
2025-02-28,EQ008,10.3
2025-03-01,EQ008,2.8
2025-03-02,EQ008,11.3
2025-03-03,EQ008,5.6
2025-03-04,EQ008,7.6
2025-03-05,EQ008,10.8
2025-03-06,EQ008,8.8
2025-03-07,EQ008,9.0
2025-03-08,EQ008,10.4
2025-03-09,EQ008,9.3
2025-03-10,EQ008,0.0
2025-03-11,EQ008,7.0
2025-03-12,EQ008,7.5
2025-03-13,EQ008,8.6
2025-03-14,EQ008,5.3
2025-03-15,EQ008,11.0
2025-03-16,EQ008,8.9
2025-03-17,EQ008,8.2
2025-03-18,EQ008,11.6
2025-03-19,EQ008,7.6
2025-03-20,EQ008,0.0
2025-03-21,EQ008,7.5
2025-03-22,EQ008,6.5
2025-03-23,EQ008,9.0
2025-03-24,EQ008,8.9
2025-03-25,EQ008,6.0
2025-03-26,EQ008,7.5
2025-03-27,EQ008,6.0
2025-03-28,EQ008,0.0
2025-03-29,EQ008,5.9
2025-03-30,EQ008,2.8
2025-03-31,EQ008,7.3
2025-04-01,EQ008,2.9
2025-04-02,EQ008,6.6
2025-04-03,EQ008,6.2
2025-04-04,EQ008,11.2
2025-04-05,EQ008,5.0
2025-04-06,EQ008,5.7
2025-04-07,EQ008,6.9
2025-04-08,EQ008,0.0
2025-04-09,EQ008,6.3
2025-04-10,EQ008,12.1
2025-04-11,EQ008,4.6
2025-04-12,EQ008,6.9
2025-04-13,EQ008,9.0
2025-04-14,EQ008,10.6
2025-04-15,EQ008,6.9
2025-04-16,EQ008,0.0
2025-04-17,EQ008,2.2
2025-04-18,EQ008,7.5
2025-04-19,EQ008,12.1
2025-04-20,EQ008,8.8
2025-04-21,EQ008,8.7
2025-04-22,EQ008,0.0
2025-04-23,EQ008,4.8
2025-04-24,EQ008,4.5
2025-04-25,EQ008,8.1
2025-04-26,EQ008,3.7
2025-04-27,EQ008,10.3
2025-04-28,EQ008,5.5
2025-04-29,EQ008,0.0
2025-04-30,EQ008,7.9
2025-05-01,EQ008,2.3
2025-05-02,EQ008,6.8
2025-05-03,EQ008,4.4
2025-05-04,EQ008,1.0
2025-05-05,EQ008,9.6
2025-05-06,EQ008,12.9
2025-05-07,EQ008,11.4
2025-05-08,EQ008,10.0
2025-05-09,EQ008,6.8
2025-05-10,EQ008,10.4
2025-05-11,EQ008,11.7
2025-05-12,EQ008,8.4
2025-05-13,EQ008,4.4
2025-05-14,EQ008,6.5
2025-05-15,EQ008,13.1
2025-05-16,EQ008,7.8
2025-05-17,EQ008,0.0
2025-05-18,EQ008,3.6
2025-05-19,EQ008,6.7
2025-05-20,EQ008,11.1
2025-05-21,EQ008,7.2
2025-05-22,EQ008,11.2
2025-05-23,EQ008,6.4
2025-05-24,EQ008,2.1
2025-05-25,EQ008,6.5
2025-05-26,EQ008,9.0
2025-05-27,EQ008,8.8
2025-05-28,EQ008,4.2
2025-05-29,EQ008,6.9
2025-05-30,EQ008,16.1
2025-05-31,EQ008,4.3
2025-06-01,EQ008,10.0
2025-06-02,EQ008,1.7
2025-06-03,EQ008,10.6
2025-06-04,EQ008,5.3
2025-06-05,EQ008,9.2
2025-06-06,EQ008,4.1
2025-06-07,EQ008,8.9
2025-06-08,EQ008,5.3
2025-06-09,EQ008,5.9
2025-06-10,EQ008,9.3
2025-06-11,EQ008,6.7
2025-06-12,EQ008,9.1
2025-06-13,EQ008,7.4
2025-06-14,EQ008,8.2
2025-06-15,EQ008,9.3
2025-06-16,EQ008,6.9
2025-06-17,EQ008,5.0
2025-06-18,EQ008,6.4
2025-06-19,EQ008,11.6
2025-06-20,EQ008,0.0
2025-06-21,EQ008,8.3
2025-06-22,EQ008,5.5
2025-06-23,EQ008,9.2
2025-06-24,EQ008,9.4
2025-06-25,EQ008,9.6
2025-06-26,EQ008,5.1
2025-06-27,EQ008,6.0
2025-06-28,EQ008,6.0
2025-06-29,EQ008,6.9
2025-06-30,EQ008,9.6
2024-07-01,EQ009,8.9
2024-07-02,EQ009,9.1
2024-07-03,EQ009,12.1
2024-07-04,EQ009,10.1
2024-07-05,EQ009,0.0
2024-07-06,EQ009,7.6
2024-07-07,EQ009,4.4
2024-07-08,EQ009,5.9
2024-07-09,EQ009,7.2
2024-07-10,EQ009,10.5
2024-07-11,EQ009,7.9
2024-07-12,EQ009,6.0
2024-07-13,EQ009,0.0
2024-07-14,EQ009,5.8
2024-07-15,EQ009,7.8
2024-07-16,EQ009,10.7
2024-07-17,EQ009,12.8
2024-07-18,EQ009,7.4
2024-07-19,EQ009,7.9
2024-07-20,EQ009,4.4
2024-07-21,EQ009,13.8
2024-07-22,EQ009,3.8
2024-07-23,EQ009,11.5
2024-07-24,EQ009,6.9
2024-07-25,EQ009,6.2
2024-07-26,EQ009,4.7
2024-07-27,EQ009,15.2
2024-07-28,EQ009,8.7
2024-07-29,EQ009,8.1
2024-07-30,EQ009,10.7
2024-07-31,EQ009,6.0
2024-08-01,EQ009,8.0
2024-08-02,EQ009,8.2
2024-08-03,EQ009,6.5
2024-08-04,EQ009,11.6
2024-08-05,EQ009,7.3
2024-08-06,EQ009,3.3
2024-08-07,EQ009,7.1
2024-08-08,EQ009,8.7
2024-08-09,EQ009,5.3
2024-08-10,EQ009,5.6
2024-08-11,EQ009,6.4
2024-08-12,EQ009,11.7
2024-08-13,EQ009,6.5
2024-08-14,EQ009,12.3
2024-08-15,EQ009,6.2
2024-08-16,EQ009,9.0
2024-08-17,EQ009,0.0
2024-08-18,EQ009,6.7
2024-08-19,EQ009,10.3
2024-08-20,EQ009,4.6
2024-08-21,EQ009,10.2
2024-08-22,EQ009,8.3
2024-08-23,EQ009,6.1
2024-08-24,EQ009,7.5
2024-08-25,EQ009,12.6
2024-08-26,EQ009,8.4
2024-08-27,EQ009,5.9
2024-08-28,EQ009,4.4
2024-08-29,EQ009,9.5
2024-08-30,EQ009,8.6
2024-08-31,EQ009,10.1
2024-09-01,EQ009,3.6
2024-09-02,EQ009,4.5
2024-09-03,EQ009,11.4
2024-09-04,EQ009,9.0
2024-09-05,EQ009,9.6
2024-09-06,EQ009,5.1
2024-09-07,EQ009,5.1
2024-09-08,EQ009,11.0
2024-09-09,EQ009,0.0
2024-09-10,EQ009,11.1
2024-09-11,EQ009,4.7
2024-09-12,EQ009,4.2
2024-09-13,EQ009,7.7
2024-09-14,EQ009,5.6
2024-09-15,EQ009,5.5
2024-09-16,EQ009,4.2
2024-09-17,EQ009,6.6
2024-09-18,EQ009,4.5
2024-09-19,EQ009,4.7
2024-09-20,EQ009,8.9
2024-09-21,EQ009,7.8
2024-09-22,EQ009,9.5
2024-09-23,EQ009,3.1
2024-09-24,EQ009,8.0
2024-09-25,EQ009,14.2
2024-09-26,EQ009,6.9
2024-09-27,EQ009,10.5
2024-09-28,EQ009,10.4
2024-09-29,EQ009,10.6
2024-09-30,EQ009,8.5
2024-10-01,EQ009,9.7
2024-10-02,EQ009,10.1
2024-10-03,EQ009,9.9
2024-10-04,EQ009,4.6
2024-10-05,EQ009,2.9
2024-10-06,EQ009,3.3
2024-10-07,EQ009,7.2
2024-10-08,EQ009,0.0
2024-10-09,EQ009,9.8
2024-10-10,EQ009,4.7
2024-10-11,EQ009,10.8
2024-10-12,EQ009,6.5
2024-10-13,EQ009,6.5
2024-10-14,EQ009,5.5
2024-10-15,EQ009,2.3
2024-10-16,EQ009,8.7
2024-10-17,EQ009,13.1
2024-10-18,EQ009,7.8
2024-10-19,EQ009,2.4
2024-10-20,EQ009,10.3
2024-10-21,EQ009,3.1
2024-10-22,EQ009,0.0
2024-10-23,EQ009,4.4
2024-10-24,EQ009,7.3
2024-10-25,EQ009,8.4
2024-10-26,EQ009,5.0
2024-10-27,EQ009,7.2
2024-10-28,EQ009,10.1
2024-10-29,EQ009,10.6
2024-10-30,EQ009,11.8
2024-10-31,EQ009,13.7
2024-11-01,EQ009,0.0
2024-11-02,EQ009,10.4
2024-11-03,EQ009,7.3
2024-11-04,EQ009,10.6
2024-11-05,EQ009,9.4
2024-11-06,EQ009,9.5
2024-11-07,EQ009,8.5
2024-11-08,EQ009,5.3
2024-11-09,EQ009,4.9
2024-11-10,EQ009,7.7
2024-11-11,EQ009,8.4
2024-11-12,EQ009,6.0
2024-11-13,EQ009,9.3
2024-11-14,EQ009,14.2
2024-11-15,EQ009,2.8
2024-11-16,EQ009,9.7
2024-11-17,EQ009,7.8
2024-11-18,EQ009,9.4
2024-11-19,EQ009,6.7
2024-11-20,EQ009,7.6
2024-11-21,EQ009,8.4
2024-11-22,EQ009,7.1
2024-11-23,EQ009,3.4
2024-11-24,EQ009,7.3
2024-11-25,EQ009,3.8
2024-11-26,EQ009,10.0
2024-11-27,EQ009,2.4
2024-11-28,EQ009,11.1
2024-11-29,EQ009,9.3
2024-11-30,EQ009,9.3
2024-12-01,EQ009,1.5
2024-12-02,EQ009,7.0
2024-12-03,EQ009,11.5
2024-12-04,EQ009,6.4
2024-12-05,EQ009,4.8
2024-12-06,EQ009,6.1
2024-12-07,EQ009,7.8
2024-12-08,EQ009,5.4
2024-12-09,EQ009,11.7
2024-12-10,EQ009,7.8
2024-12-11,EQ009,6.3
2024-12-12,EQ009,4.1
2024-12-13,EQ009,9.5
2024-12-14,EQ009,9.4
2024-12-15,EQ009,5.6
2024-12-16,EQ009,1.3
2024-12-17,EQ009,9.2
2024-12-18,EQ009,7.4
2024-12-19,EQ009,9.0
2024-12-20,EQ009,13.9
2024-12-21,EQ009,7.9
2024-12-22,EQ009,6.5
2024-12-23,EQ009,4.6
2024-12-24,EQ009,7.1
2024-12-25,EQ009,8.5
2024-12-26,EQ009,8.2
2024-12-27,EQ009,13.2
2024-12-28,EQ009,9.5
2024-12-29,EQ009,7.6
2024-12-30,EQ009,5.9
2024-12-31,EQ009,8.8
2025-01-01,EQ009,5.3
2025-01-02,EQ009,8.5
2025-01-03,EQ009,9.5
2025-01-04,EQ009,7.4
2025-01-05,EQ009,6.1
2025-01-06,EQ009,1.4
2025-01-07,EQ009,11.4
2025-01-08,EQ009,9.2
2025-01-09,EQ009,9.3
2025-01-10,EQ009,3.3
2025-01-11,EQ009,12.1
2025-01-12,EQ009,6.6
2025-01-13,EQ009,7.1
2025-01-14,EQ009,4.8
2025-01-15,EQ009,2.6
2025-01-16,EQ009,11.5
2025-01-17,EQ009,11.9
2025-01-18,EQ009,7.5
2025-01-19,EQ009,6.0
2025-01-20,EQ009,6.9
2025-01-21,EQ009,7.0
2025-01-22,EQ009,4.4
2025-01-23,EQ009,7.1
2025-01-24,EQ009,8.5
2025-01-25,EQ009,11.1
2025-01-26,EQ009,0.0
2025-01-27,EQ009,8.0
2025-01-28,EQ009,3.3
2025-01-29,EQ009,9.1
2025-01-30,EQ009,7.2
2025-01-31,EQ009,0.0
2025-02-01,EQ009,12.1
2025-02-02,EQ009,12.3
2025-02-03,EQ009,12.4
2025-02-04,EQ009,6.3
2025-02-05,EQ009,14.0
2025-02-06,EQ009,9.1
2025-02-07,EQ009,0.0
2025-02-08,EQ009,12.9
2025-02-09,EQ009,6.5
2025-02-10,EQ009,7.1
2025-02-11,EQ009,8.8
2025-02-12,EQ009,8.5
2025-02-13,EQ009,11.8
2025-02-14,EQ009,7.3
2025-02-15,EQ009,11.5
2025-02-16,EQ009,10.2
2025-02-17,EQ009,7.4
2025-02-18,EQ009,10.0
2025-02-19,EQ009,6.6
2025-02-20,EQ009,15.1
2025-02-21,EQ009,0.0
2025-02-22,EQ009,10.0
2025-02-23,EQ009,2.7
2025-02-24,EQ009,7.3
2025-02-25,EQ009,7.7
2025-02-26,EQ009,12.5
2025-02-27,EQ009,5.9
2025-02-28,EQ009,11.9
2025-03-01,EQ009,4.5
2025-03-02,EQ009,12.0
2025-03-03,EQ009,6.6
2025-03-04,EQ009,8.2
2025-03-05,EQ009,7.0
2025-03-06,EQ009,11.8
2025-03-07,EQ009,11.3
2025-03-08,EQ009,0.0
2025-03-09,EQ009,9.3
2025-03-10,EQ009,4.5
2025-03-11,EQ009,5.9
2025-03-12,EQ009,4.9
2025-03-13,EQ009,1.3
2025-03-14,EQ009,11.8
2025-03-15,EQ009,7.0
2025-03-16,EQ009,7.0
2025-03-17,EQ009,12.5
2025-03-18,EQ009,6.6
2025-03-19,EQ009,5.5
2025-03-20,EQ009,7.3
2025-03-21,EQ009,0.0
2025-03-22,EQ009,4.6
2025-03-23,EQ009,9.0
2025-03-24,EQ009,6.9
2025-03-25,EQ009,6.5
2025-03-26,EQ009,6.2
2025-03-27,EQ009,7.7
2025-03-28,EQ009,8.3
2025-03-29,EQ009,6.4
2025-03-30,EQ009,6.9
2025-03-31,EQ009,7.8
2025-04-01,EQ009,7.5
2025-04-02,EQ009,8.1
2025-04-03,EQ009,6.0
2025-04-04,EQ009,11.0
2025-04-05,EQ009,8.3
2025-04-06,EQ009,6.5
2025-04-07,EQ009,9.0
2025-04-08,EQ009,7.8
2025-04-09,EQ009,2.8
2025-04-10,EQ009,9.0
2025-04-11,EQ009,0.0
2025-04-12,EQ009,4.9
2025-04-13,EQ009,10.8
2025-04-14,EQ009,0.0
2025-04-15,EQ009,7.3
2025-04-16,EQ009,10.3
2025-04-17,EQ009,6.1
2025-04-18,EQ009,0.0
2025-04-19,EQ009,8.2
2025-04-20,EQ009,11.6
2025-04-21,EQ009,7.2
2025-04-22,EQ009,6.2
2025-04-23,EQ009,10.0
2025-04-24,EQ009,9.9
2025-04-25,EQ009,6.4
2025-04-26,EQ009,2.0
2025-04-27,EQ009,6.2
2025-04-28,EQ009,10.0
2025-04-29,EQ009,5.7
2025-04-30,EQ009,8.0
2025-05-01,EQ009,6.0
2025-05-02,EQ009,2.2
2025-05-03,EQ009,6.0
2025-05-04,EQ009,10.0
2025-05-05,EQ009,0.9
2025-05-06,EQ009,8.8
2025-05-07,EQ009,4.4
2025-05-08,EQ009,9.8
2025-05-09,EQ009,10.1
2025-05-10,EQ009,7.5
2025-05-11,EQ009,7.5
2025-05-12,EQ009,5.6
2025-05-13,EQ009,4.0
2025-05-14,EQ009,13.1
2025-05-15,EQ009,5.4
2025-05-16,EQ009,12.7
2025-05-17,EQ009,5.4
2025-05-18,EQ009,9.6
2025-05-19,EQ009,4.6
2025-05-20,EQ009,9.6
2025-05-21,EQ009,7.0
2025-05-22,EQ009,7.1
2025-05-23,EQ009,9.8
2025-05-24,EQ009,6.6
2025-05-25,EQ009,3.7
2025-05-26,EQ009,10.3
2025-05-27,EQ009,4.6
2025-05-28,EQ009,9.5
2025-05-29,EQ009,10.9
2025-05-30,EQ009,6.9
2025-05-31,EQ009,11.5
2025-06-01,EQ009,9.4
2025-06-02,EQ009,0.0
2025-06-03,EQ009,5.9
2025-06-04,EQ009,12.2
2025-06-05,EQ009,4.6
2025-06-06,EQ009,6.9
2025-06-07,EQ009,7.4
2025-06-08,EQ009,9.8
2025-06-09,EQ009,11.3
2025-06-10,EQ009,11.2
2025-06-11,EQ009,8.7
2025-06-12,EQ009,7.2
2025-06-13,EQ009,2.5
2025-06-14,EQ009,4.1
2025-06-15,EQ009,13.3
2025-06-16,EQ009,2.5
2025-06-17,EQ009,5.6
2025-06-18,EQ009,11.4
2025-06-19,EQ009,8.6
2025-06-20,EQ009,10.8
2025-06-21,EQ009,9.6
2025-06-22,EQ009,12.4
2025-06-23,EQ009,8.9
2025-06-24,EQ009,10.0
2025-06-25,EQ009,5.8
2025-06-26,EQ009,9.8
2025-06-27,EQ009,6.8
2025-06-28,EQ009,6.6
2025-06-29,EQ009,10.7
2025-06-30,EQ009,10.7
2024-07-01,EQ010,13.1
2024-07-02,EQ010,12.9
2024-07-03,EQ010,10.8
2024-07-04,EQ010,2.8
2024-07-05,EQ010,13.5
2024-07-06,EQ010,10.8
2024-07-07,EQ010,5.7
2024-07-08,EQ010,10.2
2024-07-09,EQ010,4.9
2024-07-10,EQ010,9.9
2024-07-11,EQ010,4.1
2024-07-12,EQ010,5.6
2024-07-13,EQ010,10.1
2024-07-14,EQ010,11.2
2024-07-15,EQ010,9.0
2024-07-16,EQ010,7.1
2024-07-17,EQ010,1.7
2024-07-18,EQ010,7.4
2024-07-19,EQ010,9.6
2024-07-20,EQ010,7.0
2024-07-21,EQ010,7.9
2024-07-22,EQ010,7.4
2024-07-23,EQ010,7.0
2024-07-24,EQ010,8.2
2024-07-25,EQ010,7.2
2024-07-26,EQ010,12.3
2024-07-27,EQ010,1.4
2024-07-28,EQ010,6.4
2024-07-29,EQ010,0.0
2024-07-30,EQ010,5.4
2024-07-31,EQ010,8.7
2024-08-01,EQ010,8.2
2024-08-02,EQ010,12.9
2024-08-03,EQ010,13.9
2024-08-04,EQ010,5.7
2024-08-05,EQ010,8.0
2024-08-06,EQ010,8.6
2024-08-07,EQ010,5.6
2024-08-08,EQ010,9.9
2024-08-09,EQ010,7.3
2024-08-10,EQ010,4.8
2024-08-11,EQ010,0.0
2024-08-12,EQ010,7.2
2024-08-13,EQ010,5.0
2024-08-14,EQ010,0.0
2024-08-15,EQ010,11.1
2024-08-16,EQ010,13.7
2024-08-17,EQ010,8.7
2024-08-18,EQ010,8.3
2024-08-19,EQ010,8.5
2024-08-20,EQ010,11.5
2024-08-21,EQ010,11.5
2024-08-22,EQ010,7.7
2024-08-23,EQ010,8.8
2024-08-24,EQ010,10.0
2024-08-25,EQ010,4.6
2024-08-26,EQ010,11.6
2024-08-27,EQ010,13.2
2024-08-28,EQ010,11.5
2024-08-29,EQ010,4.3
2024-08-30,EQ010,2.1
2024-08-31,EQ010,10.1
2024-09-01,EQ010,5.7
2024-09-02,EQ010,8.9
2024-09-03,EQ010,12.6
2024-09-04,EQ010,6.0
2024-09-05,EQ010,6.9
2024-09-06,EQ010,8.8
2024-09-07,EQ010,4.1
2024-09-08,EQ010,5.7
2024-09-09,EQ010,8.1
2024-09-10,EQ010,7.1
2024-09-11,EQ010,9.8
2024-09-12,EQ010,16.3
2024-09-13,EQ010,8.3
2024-09-14,EQ010,5.5
2024-09-15,EQ010,12.3
2024-09-16,EQ010,3.2
2024-09-17,EQ010,3.8
2024-09-18,EQ010,6.2
2024-09-19,EQ010,0.0
2024-09-20,EQ010,7.2
2024-09-21,EQ010,6.1
2024-09-22,EQ010,7.9
2024-09-23,EQ010,0.0
2024-09-24,EQ010,8.8
2024-09-25,EQ010,11.2
2024-09-26,EQ010,8.3
2024-09-27,EQ010,0.0
2024-09-28,EQ010,6.3
2024-09-29,EQ010,11.0
2024-09-30,EQ010,5.5
2024-10-01,EQ010,3.1
2024-10-02,EQ010,11.6
2024-10-03,EQ010,11.4
2024-10-04,EQ010,5.6
2024-10-05,EQ010,6.8
2024-10-06,EQ010,5.2
2024-10-07,EQ010,9.0
2024-10-08,EQ010,13.2
2024-10-09,EQ010,10.1
2024-10-10,EQ010,11.1
2024-10-11,EQ010,10.5
2024-10-12,EQ010,8.0
2024-10-13,EQ010,11.3
2024-10-14,EQ010,10.2
2024-10-15,EQ010,12.3
2024-10-16,EQ010,6.6
2024-10-17,EQ010,2.8
2024-10-18,EQ010,11.1
2024-10-19,EQ010,9.0
2024-10-20,EQ010,7.1
2024-10-21,EQ010,7.3
2024-10-22,EQ010,15.7
2024-10-23,EQ010,6.1
2024-10-24,EQ010,5.4
2024-10-25,EQ010,0.0
2024-10-26,EQ010,8.3
2024-10-27,EQ010,11.5
2024-10-28,EQ010,14.8
2024-10-29,EQ010,10.0
2024-10-30,EQ010,0.0
2024-10-31,EQ010,4.2
2024-11-01,EQ010,13.9
2024-11-02,EQ010,7.9
2024-11-03,EQ010,5.5
2024-11-04,EQ010,4.8
2024-11-05,EQ010,10.5
2024-11-06,EQ010,8.7
2024-11-07,EQ010,9.0
2024-11-08,EQ010,11.9
2024-11-09,EQ010,5.6
2024-11-10,EQ010,12.1
2024-11-11,EQ010,6.4
2024-11-12,EQ010,14.5
2024-11-13,EQ010,9.8
2024-11-14,EQ010,5.2
2024-11-15,EQ010,1.9
2024-11-16,EQ010,0.0
2024-11-17,EQ010,10.4
2024-11-18,EQ010,6.9
2024-11-19,EQ010,7.5
2024-11-20,EQ010,10.3
2024-11-21,EQ010,11.0
2024-11-22,EQ010,11.7
2024-11-23,EQ010,0.0
2024-11-24,EQ010,4.5
2024-11-25,EQ010,12.3
2024-11-26,EQ010,6.3
2024-11-27,EQ010,1.2
2024-11-28,EQ010,4.5
2024-11-29,EQ010,8.7
2024-11-30,EQ010,5.1
2024-12-01,EQ010,7.7
2024-12-02,EQ010,9.0
2024-12-03,EQ010,7.5
2024-12-04,EQ010,6.5
2024-12-05,EQ010,4.2
2024-12-06,EQ010,8.1
2024-12-07,EQ010,1.8
2024-12-08,EQ010,5.9
2024-12-09,EQ010,5.2
2024-12-10,EQ010,7.3
2024-12-11,EQ010,7.4
2024-12-12,EQ010,10.9
2024-12-13,EQ010,12.8
2024-12-14,EQ010,4.6
2024-12-15,EQ010,14.0
2024-12-16,EQ010,5.7
2024-12-17,EQ010,8.5
2024-12-18,EQ010,9.5
2024-12-19,EQ010,15.3
2024-12-20,EQ010,6.4
2024-12-21,EQ010,2.6
2024-12-22,EQ010,12.5
2024-12-23,EQ010,5.5
2024-12-24,EQ010,0.0
2024-12-25,EQ010,6.9
2024-12-26,EQ010,4.6
2024-12-27,EQ010,6.9
2024-12-28,EQ010,5.5
2024-12-29,EQ010,10.0
2024-12-30,EQ010,8.2
2024-12-31,EQ010,6.0
2025-01-01,EQ010,0.0
2025-01-02,EQ010,11.0
2025-01-03,EQ010,8.8
2025-01-04,EQ010,2.5
2025-01-05,EQ010,10.8
2025-01-06,EQ010,8.6
2025-01-07,EQ010,12.2
2025-01-08,EQ010,8.4
2025-01-09,EQ010,5.6
2025-01-10,EQ010,7.4
2025-01-11,EQ010,10.4
2025-01-12,EQ010,5.7
2025-01-13,EQ010,6.7
2025-01-14,EQ010,7.3
2025-01-15,EQ010,4.6
2025-01-16,EQ010,5.7
2025-01-17,EQ010,8.5
2025-01-18,EQ010,11.6
2025-01-19,EQ010,9.0
2025-01-20,EQ010,7.9
2025-01-21,EQ010,5.5
2025-01-22,EQ010,11.3
2025-01-23,EQ010,9.3
2025-01-24,EQ010,5.9
2025-01-25,EQ010,10.7
2025-01-26,EQ010,9.7
2025-01-27,EQ010,5.6
2025-01-28,EQ010,7.7
2025-01-29,EQ010,6.5
2025-01-30,EQ010,15.9
2025-01-31,EQ010,9.6
2025-02-01,EQ010,8.6
2025-02-02,EQ010,9.4
2025-02-03,EQ010,12.1
2025-02-04,EQ010,7.7
2025-02-05,EQ010,6.2
2025-02-06,EQ010,10.5
2025-02-07,EQ010,7.5
2025-02-08,EQ010,4.8
2025-02-09,EQ010,4.2
2025-02-10,EQ010,12.6
2025-02-11,EQ010,8.4
2025-02-12,EQ010,6.2
2025-02-13,EQ010,7.3
2025-02-14,EQ010,10.4
2025-02-15,EQ010,7.1
2025-02-16,EQ010,3.7
2025-02-17,EQ010,9.0
2025-02-18,EQ010,0.0
2025-02-19,EQ010,11.6
2025-02-20,EQ010,11.4
2025-02-21,EQ010,6.3
2025-02-22,EQ010,11.8
2025-02-23,EQ010,8.6
2025-02-24,EQ010,11.7
2025-02-25,EQ010,9.7
2025-02-26,EQ010,3.4
2025-02-27,EQ010,13.2
2025-02-28,EQ010,8.2
2025-03-01,EQ010,9.7
2025-03-02,EQ010,4.0
2025-03-03,EQ010,9.5
2025-03-04,EQ010,11.3
2025-03-05,EQ010,13.8
2025-03-06,EQ010,12.2
2025-03-07,EQ010,9.7
2025-03-08,EQ010,3.4
2025-03-09,EQ010,8.4
2025-03-10,EQ010,6.2
2025-03-11,EQ010,8.7
2025-03-12,EQ010,4.4
2025-03-13,EQ010,7.4
2025-03-14,EQ010,6.4
2025-03-15,EQ010,6.4
2025-03-16,EQ010,6.4
2025-03-17,EQ010,0.0
2025-03-18,EQ010,7.6
2025-03-19,EQ010,8.9
2025-03-20,EQ010,0.5
2025-03-21,EQ010,0.9
2025-03-22,EQ010,7.0
2025-03-23,EQ010,7.4
2025-03-24,EQ010,8.6
2025-03-25,EQ010,5.8
2025-03-26,EQ010,8.0
2025-03-27,EQ010,8.4
2025-03-28,EQ010,5.8
2025-03-29,EQ010,11.0
2025-03-30,EQ010,8.5
2025-03-31,EQ010,9.6
2025-04-01,EQ010,8.2
2025-04-02,EQ010,14.3
2025-04-03,EQ010,9.8
2025-04-04,EQ010,6.5
2025-04-05,EQ010,10.5
2025-04-06,EQ010,3.1
2025-04-07,EQ010,8.4
2025-04-08,EQ010,9.0
2025-04-09,EQ010,8.4
2025-04-10,EQ010,7.0
2025-04-11,EQ010,0.0
2025-04-12,EQ010,5.0
2025-04-13,EQ010,5.6
2025-04-14,EQ010,8.3
2025-04-15,EQ010,4.7
2025-04-16,EQ010,13.3
2025-04-17,EQ010,0.1
2025-04-18,EQ010,7.0
2025-04-19,EQ010,8.3
2025-04-20,EQ010,9.5
2025-04-21,EQ010,5.3
2025-04-22,EQ010,11.4
2025-04-23,EQ010,3.8
2025-04-24,EQ010,6.3
2025-04-25,EQ010,9.9
2025-04-26,EQ010,11.1
2025-04-27,EQ010,3.8
2025-04-28,EQ010,15.9
2025-04-29,EQ010,5.3
2025-04-30,EQ010,4.1
2025-05-01,EQ010,9.5
2025-05-02,EQ010,7.0
2025-05-03,EQ010,6.5
2025-05-04,EQ010,9.8
2025-05-05,EQ010,3.4
2025-05-06,EQ010,2.9
2025-05-07,EQ010,6.2
2025-05-08,EQ010,11.2
2025-05-09,EQ010,6.3
2025-05-10,EQ010,12.8
2025-05-11,EQ010,11.6
2025-05-12,EQ010,8.8
2025-05-13,EQ010,9.0
2025-05-14,EQ010,8.8
2025-05-15,EQ010,8.5
2025-05-16,EQ010,6.9
2025-05-17,EQ010,7.2
2025-05-18,EQ010,4.8
2025-05-19,EQ010,1.4
2025-05-20,EQ010,11.3
2025-05-21,EQ010,8.5
2025-05-22,EQ010,8.0
2025-05-23,EQ010,9.2
2025-05-24,EQ010,5.5
2025-05-25,EQ010,5.0
2025-05-26,EQ010,7.1
2025-05-27,EQ010,12.1
2025-05-28,EQ010,4.5
2025-05-29,EQ010,0.1
2025-05-30,EQ010,6.4
2025-05-31,EQ010,11.4
2025-06-01,EQ010,2.8
2025-06-02,EQ010,4.5
2025-06-03,EQ010,8.8
2025-06-04,EQ010,15.7
2025-06-05,EQ010,0.0
2025-06-06,EQ010,3.9
2025-06-07,EQ010,3.8
2025-06-08,EQ010,9.0
2025-06-09,EQ010,11.6
2025-06-10,EQ010,6.1
2025-06-11,EQ010,3.1
2025-06-12,EQ010,9.3
2025-06-13,EQ010,9.8
2025-06-14,EQ010,13.3
2025-06-15,EQ010,10.0
2025-06-16,EQ010,10.5
2025-06-17,EQ010,0.0
2025-06-18,EQ010,7.2
2025-06-19,EQ010,15.3
2025-06-20,EQ010,6.8
2025-06-21,EQ010,6.2
2025-06-22,EQ010,13.4
2025-06-23,EQ010,3.6
2025-06-24,EQ010,2.5
2025-06-25,EQ010,8.4
2025-06-26,EQ010,8.0
2025-06-27,EQ010,7.3
2025-06-28,EQ010,11.0
2025-06-29,EQ010,5.3
2025-06-30,EQ010,8.2
2024-07-01,EQ011,6.9
2024-07-02,EQ011,5.3
2024-07-03,EQ011,7.8
2024-07-04,EQ011,10.6
2024-07-05,EQ011,14.4
2024-07-06,EQ011,0.0
2024-07-07,EQ011,9.7
2024-07-08,EQ011,0.5
2024-07-09,EQ011,7.9
2024-07-10,EQ011,8.1
2024-07-11,EQ011,10.8
2024-07-12,EQ011,8.6
2024-07-13,EQ011,11.8
2024-07-14,EQ011,9.2
2024-07-15,EQ011,12.7
2024-07-16,EQ011,6.7
2024-07-17,EQ011,8.4
2024-07-18,EQ011,10.5
2024-07-19,EQ011,6.3
2024-07-20,EQ011,5.6
2024-07-21,EQ011,6.1
2024-07-22,EQ011,5.8
2024-07-23,EQ011,9.6
2024-07-24,EQ011,2.5
2024-07-25,EQ011,3.3
2024-07-26,EQ011,13.6
2024-07-27,EQ011,5.8
2024-07-28,EQ011,8.6
2024-07-29,EQ011,3.5
2024-07-30,EQ011,8.3
2024-07-31,EQ011,5.8
2024-08-01,EQ011,3.3
2024-08-02,EQ011,12.0
2024-08-03,EQ011,11.5
2024-08-04,EQ011,7.7
2024-08-05,EQ011,11.0
2024-08-06,EQ011,13.7
2024-08-07,EQ011,10.3
2024-08-08,EQ011,9.4
2024-08-09,EQ011,8.6
2024-08-10,EQ011,9.9
2024-08-11,EQ011,6.9
2024-08-12,EQ011,7.2
2024-08-13,EQ011,9.4
2024-08-14,EQ011,6.6
2024-08-15,EQ011,6.9
2024-08-16,EQ011,8.0
2024-08-17,EQ011,11.5
2024-08-18,EQ011,4.6
2024-08-19,EQ011,10.3
2024-08-20,EQ011,10.4
2024-08-21,EQ011,10.4
2024-08-22,EQ011,5.6
2024-08-23,EQ011,2.9
2024-08-24,EQ011,9.7
2024-08-25,EQ011,8.6
2024-08-26,EQ011,11.0
2024-08-27,EQ011,5.9
2024-08-28,EQ011,10.3
2024-08-29,EQ011,11.2
2024-08-30,EQ011,7.7
2024-08-31,EQ011,9.3
2024-09-01,EQ011,0.0
2024-09-02,EQ011,9.1
2024-09-03,EQ011,5.5
2024-09-04,EQ011,9.6
2024-09-05,EQ011,12.9
2024-09-06,EQ011,8.1
2024-09-07,EQ011,3.6
2024-09-08,EQ011,5.9
2024-09-09,EQ011,2.7
2024-09-10,EQ011,11.9
2024-09-11,EQ011,10.3
2024-09-12,EQ011,6.5
2024-09-13,EQ011,3.7
2024-09-14,EQ011,5.5
2024-09-15,EQ011,6.1
2024-09-16,EQ011,8.3
2024-09-17,EQ011,8.2
2024-09-18,EQ011,12.0
2024-09-19,EQ011,5.9
2024-09-20,EQ011,0.0
2024-09-21,EQ011,3.5
2024-09-22,EQ011,4.5
2024-09-23,EQ011,7.9
2024-09-24,EQ011,5.8
2024-09-25,EQ011,7.1
2024-09-26,EQ011,6.6
2024-09-27,EQ011,11.0
2024-09-28,EQ011,0.0
2024-09-29,EQ011,6.2
2024-09-30,EQ011,6.9
2024-10-01,EQ011,10.2
2024-10-02,EQ011,6.3
2024-10-03,EQ011,9.3
2024-10-04,EQ011,9.0
2024-10-05,EQ011,8.4
2024-10-06,EQ011,4.6
2024-10-07,EQ011,11.7
2024-10-08,EQ011,14.7
2024-10-09,EQ011,8.0
2024-10-10,EQ011,4.9
2024-10-11,EQ011,8.1
2024-10-12,EQ011,11.0
2024-10-13,EQ011,6.2
2024-10-14,EQ011,7.6
2024-10-15,EQ011,9.0
2024-10-16,EQ011,11.6
2024-10-17,EQ011,10.3
2024-10-18,EQ011,10.5
2024-10-19,EQ011,6.7
2024-10-20,EQ011,9.2
2024-10-21,EQ011,5.8
2024-10-22,EQ011,10.5
2024-10-23,EQ011,11.5
2024-10-24,EQ011,9.7
2024-10-25,EQ011,0.0
2024-10-26,EQ011,6.9
2024-10-27,EQ011,7.4
2024-10-28,EQ011,13.4
2024-10-29,EQ011,6.9
2024-10-30,EQ011,11.1
2024-10-31,EQ011,9.0
2024-11-01,EQ011,7.0
2024-11-02,EQ011,4.0
2024-11-03,EQ011,8.6
2024-11-04,EQ011,8.3
2024-11-05,EQ011,13.4
2024-11-06,EQ011,5.4
2024-11-07,EQ011,14.9
2024-11-08,EQ011,9.1
2024-11-09,EQ011,9.1
2024-11-10,EQ011,6.2
2024-11-11,EQ011,8.9
2024-11-12,EQ011,9.4
2024-11-13,EQ011,10.8
2024-11-14,EQ011,5.1
2024-11-15,EQ011,12.2
2024-11-16,EQ011,9.1
2024-11-17,EQ011,9.8
2024-11-18,EQ011,7.3
2024-11-19,EQ011,5.2
2024-11-20,EQ011,8.2
2024-11-21,EQ011,8.6
2024-11-22,EQ011,3.8
2024-11-23,EQ011,10.4
2024-11-24,EQ011,11.0
2024-11-25,EQ011,5.8
2024-11-26,EQ011,4.9
2024-11-27,EQ011,7.1
2024-11-28,EQ011,8.1
2024-11-29,EQ011,0.0
2024-11-30,EQ011,7.2
2024-12-01,EQ011,7.8
2024-12-02,EQ011,8.7
2024-12-03,EQ011,3.9
2024-12-04,EQ011,4.2
2024-12-05,EQ011,0.0
2024-12-06,EQ011,10.8
2024-12-07,EQ011,8.0
2024-12-08,EQ011,11.1
2024-12-09,EQ011,4.6
2024-12-10,EQ011,8.1
2024-12-11,EQ011,8.6
2024-12-12,EQ011,6.3
2024-12-13,EQ011,3.3
2024-12-14,EQ011,13.2
2024-12-15,EQ011,12.2
2024-12-16,EQ011,6.9
2024-12-17,EQ011,9.5
2024-12-18,EQ011,6.5
2024-12-19,EQ011,5.0
2024-12-20,EQ011,13.5
2024-12-21,EQ011,3.0
2024-12-22,EQ011,7.1
2024-12-23,EQ011,8.3
2024-12-24,EQ011,13.0
2024-12-25,EQ011,10.7
2024-12-26,EQ011,3.0
2024-12-27,EQ011,8.0
2024-12-28,EQ011,8.1
2024-12-29,EQ011,7.3
2024-12-30,EQ011,9.9
2024-12-31,EQ011,3.8
2025-01-01,EQ011,6.8
2025-01-02,EQ011,9.4
2025-01-03,EQ011,10.0
2025-01-04,EQ011,8.4
2025-01-05,EQ011,7.1
2025-01-06,EQ011,7.6
2025-01-07,EQ011,10.2
2025-01-08,EQ011,8.1
2025-01-09,EQ011,4.9
2025-01-10,EQ011,4.3
2025-01-11,EQ011,0.0
2025-01-12,EQ011,3.5
2025-01-13,EQ011,12.4
2025-01-14,EQ011,10.4
2025-01-15,EQ011,7.7
2025-01-16,EQ011,6.6
2025-01-17,EQ011,6.3
2025-01-18,EQ011,11.3
2025-01-19,EQ011,13.7
2025-01-20,EQ011,6.2
2025-01-21,EQ011,11.4
2025-01-22,EQ011,8.1
2025-01-23,EQ011,7.4
2025-01-24,EQ011,12.5
2025-01-25,EQ011,8.0
2025-01-26,EQ011,8.9
2025-01-27,EQ011,8.7
2025-01-28,EQ011,3.1
2025-01-29,EQ011,8.9
2025-01-30,EQ011,6.3
2025-01-31,EQ011,3.7
2025-02-01,EQ011,6.4
2025-02-02,EQ011,6.4
2025-02-03,EQ011,0.0
2025-02-04,EQ011,11.1
2025-02-05,EQ011,0.0
2025-02-06,EQ011,4.8
2025-02-07,EQ011,5.6
2025-02-08,EQ011,8.7
2025-02-09,EQ011,4.0
2025-02-10,EQ011,6.0
2025-02-11,EQ011,3.0
2025-02-12,EQ011,10.8
2025-02-13,EQ011,7.1
2025-02-14,EQ011,8.0
2025-02-15,EQ011,10.7
2025-02-16,EQ011,5.8
2025-02-17,EQ011,7.1
2025-02-18,EQ011,4.8
2025-02-19,EQ011,4.8
2025-02-20,EQ011,5.2
2025-02-21,EQ011,6.5
2025-02-22,EQ011,6.8
2025-02-23,EQ011,8.9
2025-02-24,EQ011,5.3
2025-02-25,EQ011,9.0
2025-02-26,EQ011,9.5
2025-02-27,EQ011,6.6
2025-02-28,EQ011,5.6
2025-03-01,EQ011,8.3
2025-03-02,EQ011,7.4
2025-03-03,EQ011,8.7
2025-03-04,EQ011,12.7
2025-03-05,EQ011,8.2
2025-03-06,EQ011,6.1
2025-03-07,EQ011,5.3
2025-03-08,EQ011,5.4
2025-03-09,EQ011,3.6
2025-03-10,EQ011,10.8
2025-03-11,EQ011,1.3
2025-03-12,EQ011,9.5
2025-03-13,EQ011,5.4
2025-03-14,EQ011,0.0
2025-03-15,EQ011,6.5
2025-03-16,EQ011,5.3
2025-03-17,EQ011,12.3
2025-03-18,EQ011,8.0
2025-03-19,EQ011,10.4
2025-03-20,EQ011,0.0
2025-03-21,EQ011,11.9
2025-03-22,EQ011,8.5
2025-03-23,EQ011,4.4
2025-03-24,EQ011,7.3
2025-03-25,EQ011,5.8
2025-03-26,EQ011,6.5
2025-03-27,EQ011,7.7
2025-03-28,EQ011,7.6
2025-03-29,EQ011,9.2
2025-03-30,EQ011,9.7
2025-03-31,EQ011,7.6
2025-04-01,EQ011,9.2
2025-04-02,EQ011,6.4
2025-04-03,EQ011,11.9
2025-04-04,EQ011,6.3
2025-04-05,EQ011,11.6
2025-04-06,EQ011,3.6
2025-04-07,EQ011,6.9
2025-04-08,EQ011,7.0
2025-04-09,EQ011,8.8
2025-04-10,EQ011,10.6
2025-04-11,EQ011,4.3
2025-04-12,EQ011,4.7
2025-04-13,EQ011,3.8
2025-04-14,EQ011,12.0
2025-04-15,EQ011,8.9
2025-04-16,EQ011,4.7
2025-04-17,EQ011,6.7
2025-04-18,EQ011,11.5
2025-04-19,EQ011,7.2
2025-04-20,EQ011,7.0
2025-04-21,EQ011,5.7
2025-04-22,EQ011,4.9
2025-04-23,EQ011,11.5
2025-04-24,EQ011,13.0
2025-04-25,EQ011,5.0
2025-04-26,EQ011,12.2
2025-04-27,EQ011,6.5
2025-04-28,EQ011,9.6
2025-04-29,EQ011,12.2
2025-04-30,EQ011,0.0
2025-05-01,EQ011,0.0
2025-05-02,EQ011,7.6
2025-05-03,EQ011,7.0
2025-05-04,EQ011,10.4
2025-05-05,EQ011,0.0
2025-05-06,EQ011,4.7
2025-05-07,EQ011,11.4
2025-05-08,EQ011,8.4
2025-05-09,EQ011,6.3
2025-05-10,EQ011,6.2
2025-05-11,EQ011,3.8
2025-05-12,EQ011,6.4
2025-05-13,EQ011,0.0
2025-05-14,EQ011,7.2
2025-05-15,EQ011,4.8
2025-05-16,EQ011,7.9
2025-05-17,EQ011,9.4
2025-05-18,EQ011,7.4
2025-05-19,EQ011,10.0
2025-05-20,EQ011,5.6
2025-05-21,EQ011,11.0
2025-05-22,EQ011,8.4
2025-05-23,EQ011,12.6
2025-05-24,EQ011,15.2
2025-05-25,EQ011,6.6
2025-05-26,EQ011,6.7
2025-05-27,EQ011,7.3
2025-05-28,EQ011,9.8
2025-05-29,EQ011,12.0
2025-05-30,EQ011,6.0
2025-05-31,EQ011,9.1
2025-06-01,EQ011,7.6
2025-06-02,EQ011,9.9
2025-06-03,EQ011,12.5
2025-06-04,EQ011,7.3
2025-06-05,EQ011,3.0
2025-06-06,EQ011,10.2
2025-06-07,EQ011,5.5
2025-06-08,EQ011,7.6
2025-06-09,EQ011,10.4
2025-06-10,EQ011,8.9
2025-06-11,EQ011,7.7
2025-06-12,EQ011,6.3
2025-06-13,EQ011,0.0
2025-06-14,EQ011,0.0
2025-06-15,EQ011,10.1
2025-06-16,EQ011,7.2
2025-06-17,EQ011,12.5
2025-06-18,EQ011,9.2
2025-06-19,EQ011,6.4
2025-06-20,EQ011,11.2
2025-06-21,EQ011,11.5
2025-06-22,EQ011,7.3
2025-06-23,EQ011,11.6
2025-06-24,EQ011,6.3
2025-06-25,EQ011,8.5
2025-06-26,EQ011,0.0
2025-06-27,EQ011,9.7
2025-06-28,EQ011,10.4
2025-06-29,EQ011,9.9
2025-06-30,EQ011,7.0
2024-07-01,EQ012,11.3
2024-07-02,EQ012,7.6
2024-07-03,EQ012,6.3
2024-07-04,EQ012,6.3
2024-07-05,EQ012,13.8
2024-07-06,EQ012,5.8
2024-07-07,EQ012,11.9
2024-07-08,EQ012,4.6
2024-07-09,EQ012,9.5
2024-07-10,EQ012,8.9
2024-07-11,EQ012,12.9
2024-07-12,EQ012,6.0
2024-07-13,EQ012,5.2
2024-07-14,EQ012,7.7
2024-07-15,EQ012,13.0
2024-07-16,EQ012,5.3
2024-07-17,EQ012,0.2
2024-07-18,EQ012,8.2
2024-07-19,EQ012,0.0
2024-07-20,EQ012,10.8
2024-07-21,EQ012,5.0
2024-07-22,EQ012,10.5
2024-07-23,EQ012,4.9
2024-07-24,EQ012,7.6
2024-07-25,EQ012,10.3
2024-07-26,EQ012,4.4
2024-07-27,EQ012,8.5
2024-07-28,EQ012,11.6
2024-07-29,EQ012,9.4
2024-07-30,EQ012,5.8
2024-07-31,EQ012,12.6
2024-08-01,EQ012,10.0
2024-08-02,EQ012,2.4
2024-08-03,EQ012,10.6
2024-08-04,EQ012,6.3
2024-08-05,EQ012,8.6
2024-08-06,EQ012,11.0
2024-08-07,EQ012,6.4
2024-08-08,EQ012,3.1
2024-08-09,EQ012,12.5
2024-08-10,EQ012,11.5
2024-08-11,EQ012,7.7
2024-08-12,EQ012,10.6
2024-08-13,EQ012,6.9
2024-08-14,EQ012,8.3
2024-08-15,EQ012,7.6
2024-08-16,EQ012,7.0
2024-08-17,EQ012,9.1
2024-08-18,EQ012,4.4
2024-08-19,EQ012,7.2
2024-08-20,EQ012,8.9
2024-08-21,EQ012,13.5
2024-08-22,EQ012,4.5
2024-08-23,EQ012,9.6
2024-08-24,EQ012,9.9
2024-08-25,EQ012,2.4
2024-08-26,EQ012,0.0
2024-08-27,EQ012,9.2
2024-08-28,EQ012,10.6
2024-08-29,EQ012,9.8
2024-08-30,EQ012,7.7
2024-08-31,EQ012,9.0
2024-09-01,EQ012,8.5
2024-09-02,EQ012,2.9
2024-09-03,EQ012,0.0
2024-09-04,EQ012,8.6
2024-09-05,EQ012,6.9
2024-09-06,EQ012,5.9
2024-09-07,EQ012,15.5
2024-09-08,EQ012,11.8
2024-09-09,EQ012,4.5
2024-09-10,EQ012,9.0
2024-09-11,EQ012,12.4
2024-09-12,EQ012,3.5
2024-09-13,EQ012,8.2
2024-09-14,EQ012,8.4
2024-09-15,EQ012,4.2
2024-09-16,EQ012,9.1
2024-09-17,EQ012,11.3
2024-09-18,EQ012,0.0
2024-09-19,EQ012,12.5
2024-09-20,EQ012,7.3
2024-09-21,EQ012,15.5
2024-09-22,EQ012,1.8
2024-09-23,EQ012,0.0
2024-09-24,EQ012,9.1
2024-09-25,EQ012,0.0
2024-09-26,EQ012,3.8
2024-09-27,EQ012,8.3
2024-09-28,EQ012,6.4
2024-09-29,EQ012,9.5
2024-09-30,EQ012,7.6
2024-10-01,EQ012,5.5
2024-10-02,EQ012,5.7
2024-10-03,EQ012,13.8
2024-10-04,EQ012,9.3
2024-10-05,EQ012,2.9
2024-10-06,EQ012,9.7
2024-10-07,EQ012,7.4
2024-10-08,EQ012,8.0
2024-10-09,EQ012,10.5
2024-10-10,EQ012,11.5
2024-10-11,EQ012,5.4
2024-10-12,EQ012,7.9
2024-10-13,EQ012,6.4
2024-10-14,EQ012,9.8
2024-10-15,EQ012,7.3
2024-10-16,EQ012,8.1
2024-10-17,EQ012,7.2
2024-10-18,EQ012,7.7
2024-10-19,EQ012,13.1
2024-10-20,EQ012,15.2
2024-10-21,EQ012,9.1
2024-10-22,EQ012,7.7
2024-10-23,EQ012,3.2
2024-10-24,EQ012,5.7
2024-10-25,EQ012,7.6
2024-10-26,EQ012,5.9
2024-10-27,EQ012,6.2
2024-10-28,EQ012,12.7
2024-10-29,EQ012,8.1
2024-10-30,EQ012,8.4
2024-10-31,EQ012,6.0
2024-11-01,EQ012,11.5
2024-11-02,EQ012,7.4
2024-11-03,EQ012,6.4
2024-11-04,EQ012,3.3
2024-11-05,EQ012,0.0
2024-11-06,EQ012,7.8
2024-11-07,EQ012,6.3
2024-11-08,EQ012,13.1
2024-11-09,EQ012,13.5
2024-11-10,EQ012,4.3
2024-11-11,EQ012,4.6
2024-11-12,EQ012,7.2
2024-11-13,EQ012,5.6
2024-11-14,EQ012,8.7
2024-11-15,EQ012,0.0
2024-11-16,EQ012,7.0
2024-11-17,EQ012,8.8
2024-11-18,EQ012,11.0
2024-11-19,EQ012,4.8
2024-11-20,EQ012,11.0
2024-11-21,EQ012,5.8
2024-11-22,EQ012,14.4
2024-11-23,EQ012,12.9
2024-11-24,EQ012,7.7
2024-11-25,EQ012,5.1
2024-11-26,EQ012,4.5
2024-11-27,EQ012,10.6
2024-11-28,EQ012,7.9
2024-11-29,EQ012,10.8
2024-11-30,EQ012,14.6
2024-12-01,EQ012,5.7
2024-12-02,EQ012,4.3
2024-12-03,EQ012,8.6
2024-12-04,EQ012,11.4
2024-12-05,EQ012,5.2
2024-12-06,EQ012,8.1
2024-12-07,EQ012,12.1
2024-12-08,EQ012,3.1
2024-12-09,EQ012,8.7
2024-12-10,EQ012,6.4
2024-12-11,EQ012,8.4
2024-12-12,EQ012,10.1
2024-12-13,EQ012,8.7
2024-12-14,EQ012,5.0
2024-12-15,EQ012,6.5
2024-12-16,EQ012,0.0
2024-12-17,EQ012,12.3
2024-12-18,EQ012,9.0
2024-12-19,EQ012,10.5
2024-12-20,EQ012,8.8
2024-12-21,EQ012,10.4
2024-12-22,EQ012,6.8
2024-12-23,EQ012,5.7
2024-12-24,EQ012,10.3
2024-12-25,EQ012,11.4
2024-12-26,EQ012,5.3
2024-12-27,EQ012,6.3
2024-12-28,EQ012,7.5
2024-12-29,EQ012,12.9
2024-12-30,EQ012,9.7
2024-12-31,EQ012,4.0
2025-01-01,EQ012,7.7
2025-01-02,EQ012,7.3
2025-01-03,EQ012,4.5
2025-01-04,EQ012,7.7
2025-01-05,EQ012,7.1
2025-01-06,EQ012,6.9
2025-01-07,EQ012,6.8
2025-01-08,EQ012,12.4
2025-01-09,EQ012,6.9
2025-01-10,EQ012,0.0
2025-01-11,EQ012,8.1
2025-01-12,EQ012,7.8
2025-01-13,EQ012,6.5
2025-01-14,EQ012,8.2
2025-01-15,EQ012,8.2
2025-01-16,EQ012,8.2
2025-01-17,EQ012,5.4
2025-01-18,EQ012,7.4
2025-01-19,EQ012,10.3
2025-01-20,EQ012,7.5
2025-01-21,EQ012,8.5
2025-01-22,EQ012,8.5
2025-01-23,EQ012,9.3
2025-01-24,EQ012,9.7
2025-01-25,EQ012,7.5
2025-01-26,EQ012,5.3
2025-01-27,EQ012,4.3
2025-01-28,EQ012,11.1
2025-01-29,EQ012,10.3
2025-01-30,EQ012,9.9
2025-01-31,EQ012,10.4
2025-02-01,EQ012,7.5
2025-02-02,EQ012,6.1
2025-02-03,EQ012,5.1
2025-02-04,EQ012,4.7
2025-02-05,EQ012,11.6
2025-02-06,EQ012,6.5
2025-02-07,EQ012,11.2
2025-02-08,EQ012,7.4
2025-02-09,EQ012,6.0
2025-02-10,EQ012,4.7
2025-02-11,EQ012,6.2
2025-02-12,EQ012,12.3
2025-02-13,EQ012,4.7
2025-02-14,EQ012,14.4
2025-02-15,EQ012,5.5
2025-02-16,EQ012,10.2
2025-02-17,EQ012,7.6
2025-02-18,EQ012,7.0
2025-02-19,EQ012,4.2
2025-02-20,EQ012,7.7
2025-02-21,EQ012,4.5
2025-02-22,EQ012,3.0
2025-02-23,EQ012,8.4
2025-02-24,EQ012,6.1
2025-02-25,EQ012,13.1
2025-02-26,EQ012,11.0
2025-02-27,EQ012,13.1
2025-02-28,EQ012,6.0
2025-03-01,EQ012,8.4
2025-03-02,EQ012,0.1
2025-03-03,EQ012,0.0
2025-03-04,EQ012,7.2
2025-03-05,EQ012,8.3
2025-03-06,EQ012,8.5
2025-03-07,EQ012,7.9
2025-03-08,EQ012,8.2
2025-03-09,EQ012,0.0
2025-03-10,EQ012,8.8
2025-03-11,EQ012,9.5
2025-03-12,EQ012,12.0
2025-03-13,EQ012,9.1
2025-03-14,EQ012,7.6
2025-03-15,EQ012,11.3
2025-03-16,EQ012,0.9
2025-03-17,EQ012,6.5
2025-03-18,EQ012,5.7
2025-03-19,EQ012,7.9
2025-03-20,EQ012,1.4
2025-03-21,EQ012,12.0
2025-03-22,EQ012,7.3
2025-03-23,EQ012,9.0
2025-03-24,EQ012,8.7
2025-03-25,EQ012,11.8
2025-03-26,EQ012,2.4
2025-03-27,EQ012,8.3
2025-03-28,EQ012,11.4
2025-03-29,EQ012,7.7
2025-03-30,EQ012,5.1
2025-03-31,EQ012,6.2
2025-04-01,EQ012,6.8
2025-04-02,EQ012,5.8
2025-04-03,EQ012,7.5
2025-04-04,EQ012,12.5
2025-04-05,EQ012,6.2
2025-04-06,EQ012,6.5
2025-04-07,EQ012,9.4
2025-04-08,EQ012,7.5
2025-04-09,EQ012,4.0
2025-04-10,EQ012,7.8
2025-04-11,EQ012,0.0
2025-04-12,EQ012,7.7
2025-04-13,EQ012,10.9
2025-04-14,EQ012,5.1
2025-04-15,EQ012,10.9
2025-04-16,EQ012,7.7
2025-04-17,EQ012,4.7
2025-04-18,EQ012,4.1
2025-04-19,EQ012,13.8
2025-04-20,EQ012,7.5
2025-04-21,EQ012,10.8
2025-04-22,EQ012,0.0
2025-04-23,EQ012,2.9
2025-04-24,EQ012,15.9
2025-04-25,EQ012,10.7
2025-04-26,EQ012,7.2
2025-04-27,EQ012,7.1
2025-04-28,EQ012,10.2
2025-04-29,EQ012,10.0
2025-04-30,EQ012,8.5
2025-05-01,EQ012,8.0
2025-05-02,EQ012,9.7
2025-05-03,EQ012,2.8
2025-05-04,EQ012,6.9
2025-05-05,EQ012,3.1
2025-05-06,EQ012,0.0
2025-05-07,EQ012,9.8
2025-05-08,EQ012,6.0
2025-05-09,EQ012,3.3
2025-05-10,EQ012,5.6
2025-05-11,EQ012,8.4
2025-05-12,EQ012,7.4
2025-05-13,EQ012,4.5
2025-05-14,EQ012,2.9
2025-05-15,EQ012,8.2
2025-05-16,EQ012,6.3
2025-05-17,EQ012,7.2
2025-05-18,EQ012,7.5
2025-05-19,EQ012,9.3
2025-05-20,EQ012,10.5
2025-05-21,EQ012,8.4
2025-05-22,EQ012,7.0
2025-05-23,EQ012,8.1
2025-05-24,EQ012,7.0
2025-05-25,EQ012,3.1
2025-05-26,EQ012,11.3
2025-05-27,EQ012,10.7
2025-05-28,EQ012,14.0
2025-05-29,EQ012,14.8
2025-05-30,EQ012,4.5
2025-05-31,EQ012,7.0
2025-06-01,EQ012,0.0
2025-06-02,EQ012,15.5
2025-06-03,EQ012,7.9
2025-06-04,EQ012,8.7
2025-06-05,EQ012,3.4
2025-06-06,EQ012,0.0
2025-06-07,EQ012,8.5
2025-06-08,EQ012,13.8
2025-06-09,EQ012,11.9
2025-06-10,EQ012,0.0
2025-06-11,EQ012,6.2
2025-06-12,EQ012,6.8
2025-06-13,EQ012,4.6
2025-06-14,EQ012,0.0
2025-06-15,EQ012,5.4
2025-06-16,EQ012,2.3
2025-06-17,EQ012,7.7
2025-06-18,EQ012,12.5
2025-06-19,EQ012,9.1
2025-06-20,EQ012,12.1
2025-06-21,EQ012,11.2
2025-06-22,EQ012,6.4
2025-06-23,EQ012,5.7
2025-06-24,EQ012,5.8
2025-06-25,EQ012,2.8
2025-06-26,EQ012,8.1
2025-06-27,EQ012,0.0
2025-06-28,EQ012,9.8
2025-06-29,EQ012,8.2
2025-06-30,EQ012,9.4
2024-07-01,EQ013,11.2
2024-07-02,EQ013,8.6
2024-07-03,EQ013,12.9
2024-07-04,EQ013,9.9
2024-07-05,EQ013,5.7
2024-07-06,EQ013,7.3
2024-07-07,EQ013,1.2
2024-07-08,EQ013,5.3
2024-07-09,EQ013,6.9
2024-07-10,EQ013,9.6
2024-07-11,EQ013,5.7
2024-07-12,EQ013,0.0
2024-07-13,EQ013,0.0
2024-07-14,EQ013,4.3
2024-07-15,EQ013,2.3
2024-07-16,EQ013,6.2
2024-07-17,EQ013,13.9
2024-07-18,EQ013,8.8
2024-07-19,EQ013,10.8
2024-07-20,EQ013,5.3
2024-07-21,EQ013,3.3
2024-07-22,EQ013,4.3
2024-07-23,EQ013,7.7
2024-07-24,EQ013,2.0
2024-07-25,EQ013,5.0
2024-07-26,EQ013,6.2
2024-07-27,EQ013,4.0
2024-07-28,EQ013,1.6
2024-07-29,EQ013,8.9
2024-07-30,EQ013,8.1
2024-07-31,EQ013,10.3
2024-08-01,EQ013,4.7
2024-08-02,EQ013,10.3
2024-08-03,EQ013,12.6
2024-08-04,EQ013,8.8
2024-08-05,EQ013,6.2
2024-08-06,EQ013,8.4
2024-08-07,EQ013,6.0
2024-08-08,EQ013,5.5
2024-08-09,EQ013,10.0
2024-08-10,EQ013,7.6
2024-08-11,EQ013,11.6
2024-08-12,EQ013,6.7
2024-08-13,EQ013,7.0
2024-08-14,EQ013,6.3
2024-08-15,EQ013,0.0
2024-08-16,EQ013,4.6
2024-08-17,EQ013,10.4
2024-08-18,EQ013,14.6
2024-08-19,EQ013,6.9
2024-08-20,EQ013,6.0
2024-08-21,EQ013,5.8
2024-08-22,EQ013,6.0
2024-08-23,EQ013,12.9
2024-08-24,EQ013,5.8
2024-08-25,EQ013,0.0
2024-08-26,EQ013,6.2
2024-08-27,EQ013,4.3
2024-08-28,EQ013,8.9
2024-08-29,EQ013,7.8
2024-08-30,EQ013,4.6
2024-08-31,EQ013,5.3
2024-09-01,EQ013,12.6
2024-09-02,EQ013,8.1
2024-09-03,EQ013,8.3
2024-09-04,EQ013,8.3
2024-09-05,EQ013,12.2
2024-09-06,EQ013,4.9
2024-09-07,EQ013,6.8
2024-09-08,EQ013,7.5
2024-09-09,EQ013,2.8
2024-09-10,EQ013,0.0
2024-09-11,EQ013,0.0
2024-09-12,EQ013,5.3
2024-09-13,EQ013,11.1
2024-09-14,EQ013,10.3
2024-09-15,EQ013,10.8
2024-09-16,EQ013,6.2
2024-09-17,EQ013,6.6
2024-09-18,EQ013,2.6
2024-09-19,EQ013,10.8
2024-09-20,EQ013,11.3
2024-09-21,EQ013,11.3
2024-09-22,EQ013,12.8
2024-09-23,EQ013,9.3
2024-09-24,EQ013,12.7
2024-09-25,EQ013,7.4
2024-09-26,EQ013,2.7
2024-09-27,EQ013,10.6
2024-09-28,EQ013,2.6
2024-09-29,EQ013,8.5
2024-09-30,EQ013,10.9
2024-10-01,EQ013,9.0
2024-10-02,EQ013,14.8
2024-10-03,EQ013,2.1
2024-10-04,EQ013,7.8
2024-10-05,EQ013,8.1
2024-10-06,EQ013,4.0
2024-10-07,EQ013,4.5
2024-10-08,EQ013,5.5
2024-10-09,EQ013,4.7
2024-10-10,EQ013,7.7
2024-10-11,EQ013,6.2
2024-10-12,EQ013,9.0
2024-10-13,EQ013,9.9
2024-10-14,EQ013,9.7
2024-10-15,EQ013,6.8
2024-10-16,EQ013,8.9
2024-10-17,EQ013,11.1
2024-10-18,EQ013,9.3
2024-10-19,EQ013,13.6
2024-10-20,EQ013,10.9
2024-10-21,EQ013,13.2
2024-10-22,EQ013,0.5
2024-10-23,EQ013,8.3
2024-10-24,EQ013,7.0
2024-10-25,EQ013,7.6
2024-10-26,EQ013,0.0
2024-10-27,EQ013,5.6
2024-10-28,EQ013,9.2
2024-10-29,EQ013,2.6
2024-10-30,EQ013,0.0
2024-10-31,EQ013,9.2
2024-11-01,EQ013,5.7
2024-11-02,EQ013,6.5
2024-11-03,EQ013,9.3
2024-11-04,EQ013,8.2
2024-11-05,EQ013,11.2
2024-11-06,EQ013,5.1
2024-11-07,EQ013,7.8
2024-11-08,EQ013,10.7
2024-11-09,EQ013,9.1
2024-11-10,EQ013,9.3
2024-11-11,EQ013,11.3
2024-11-12,EQ013,6.8
2024-11-13,EQ013,6.1
2024-11-14,EQ013,9.7
2024-11-15,EQ013,7.6
2024-11-16,EQ013,11.4
2024-11-17,EQ013,9.1
2024-11-18,EQ013,6.1
2024-11-19,EQ013,9.0
2024-11-20,EQ013,5.3
2024-11-21,EQ013,10.8
2024-11-22,EQ013,3.8
2024-11-23,EQ013,11.7
2024-11-24,EQ013,9.0
2024-11-25,EQ013,7.5
2024-11-26,EQ013,10.3
2024-11-27,EQ013,9.5
2024-11-28,EQ013,12.0
2024-11-29,EQ013,12.0
2024-11-30,EQ013,9.1
2024-12-01,EQ013,5.4
2024-12-02,EQ013,6.4
2024-12-03,EQ013,7.8
2024-12-04,EQ013,11.2
2024-12-05,EQ013,6.6
2024-12-06,EQ013,6.9
2024-12-07,EQ013,13.5
2024-12-08,EQ013,7.7
2024-12-09,EQ013,6.1
2024-12-10,EQ013,10.3
2024-12-11,EQ013,7.8
2024-12-12,EQ013,3.8
2024-12-13,EQ013,11.1
2024-12-14,EQ013,5.8
2024-12-15,EQ013,0.0
2024-12-16,EQ013,8.1
2024-12-17,EQ013,7.8
2024-12-18,EQ013,8.7
2024-12-19,EQ013,1.4
2024-12-20,EQ013,7.0
2024-12-21,EQ013,11.4
2024-12-22,EQ013,11.8
2024-12-23,EQ013,5.0
2024-12-24,EQ013,10.8
2024-12-25,EQ013,5.7
2024-12-26,EQ013,6.9
2024-12-27,EQ013,7.0
2024-12-28,EQ013,8.3
2024-12-29,EQ013,11.0
2024-12-30,EQ013,8.8
2024-12-31,EQ013,7.6
2025-01-01,EQ013,10.9
2025-01-02,EQ013,5.6
2025-01-03,EQ013,7.8
2025-01-04,EQ013,11.0
2025-01-05,EQ013,9.6
2025-01-06,EQ013,6.6
2025-01-07,EQ013,3.5
2025-01-08,EQ013,8.9
2025-01-09,EQ013,3.3
2025-01-10,EQ013,7.4
2025-01-11,EQ013,11.5
2025-01-12,EQ013,9.8
2025-01-13,EQ013,1.9
2025-01-14,EQ013,8.6
2025-01-15,EQ013,7.0
2025-01-16,EQ013,4.2
2025-01-17,EQ013,9.0
2025-01-18,EQ013,6.5
2025-01-19,EQ013,6.5
2025-01-20,EQ013,8.4
2025-01-21,EQ013,6.1
2025-01-22,EQ013,8.3
2025-01-23,EQ013,6.2
2025-01-24,EQ013,6.4
2025-01-25,EQ013,11.0
2025-01-26,EQ013,11.3
2025-01-27,EQ013,2.9
2025-01-28,EQ013,10.2
2025-01-29,EQ013,12.2
2025-01-30,EQ013,12.7
2025-01-31,EQ013,9.6
2025-02-01,EQ013,4.8
2025-02-02,EQ013,9.9
2025-02-03,EQ013,5.4
2025-02-04,EQ013,7.0
2025-02-05,EQ013,9.1
2025-02-06,EQ013,5.6
2025-02-07,EQ013,0.0
2025-02-08,EQ013,4.6
2025-02-09,EQ013,9.4
2025-02-10,EQ013,13.6
2025-02-11,EQ013,11.7
2025-02-12,EQ013,10.1
2025-02-13,EQ013,10.9
2025-02-14,EQ013,9.9
2025-02-15,EQ013,0.0
2025-02-16,EQ013,9.3
2025-02-17,EQ013,10.7
2025-02-18,EQ013,3.9
2025-02-19,EQ013,8.6
2025-02-20,EQ013,7.8
2025-02-21,EQ013,8.2
2025-02-22,EQ013,6.6
2025-02-23,EQ013,9.6
2025-02-24,EQ013,5.5
2025-02-25,EQ013,6.4
2025-02-26,EQ013,6.0
2025-02-27,EQ013,10.6
2025-02-28,EQ013,8.0
2025-03-01,EQ013,6.6
2025-03-02,EQ013,6.9
2025-03-03,EQ013,8.0
2025-03-04,EQ013,12.9
2025-03-05,EQ013,4.3
2025-03-06,EQ013,10.0
2025-03-07,EQ013,9.4
2025-03-08,EQ013,5.4
2025-03-09,EQ013,12.4
2025-03-10,EQ013,9.6
2025-03-11,EQ013,6.5
2025-03-12,EQ013,2.4
2025-03-13,EQ013,8.7
2025-03-14,EQ013,7.9
2025-03-15,EQ013,4.9
2025-03-16,EQ013,4.9
2025-03-17,EQ013,10.6
2025-03-18,EQ013,2.1
2025-03-19,EQ013,8.9
2025-03-20,EQ013,0.0
2025-03-21,EQ013,7.4
2025-03-22,EQ013,9.5
2025-03-23,EQ013,7.1
2025-03-24,EQ013,0.0
2025-03-25,EQ013,8.9
2025-03-26,EQ013,5.8
2025-03-27,EQ013,7.9
2025-03-28,EQ013,9.5
2025-03-29,EQ013,8.5
2025-03-30,EQ013,9.1
2025-03-31,EQ013,5.2
2025-04-01,EQ013,6.2
2025-04-02,EQ013,6.3
2025-04-03,EQ013,7.2
2025-04-04,EQ013,12.1
2025-04-05,EQ013,6.9
2025-04-06,EQ013,4.6
2025-04-07,EQ013,9.6
2025-04-08,EQ013,12.0
2025-04-09,EQ013,4.2
2025-04-10,EQ013,0.0
2025-04-11,EQ013,13.9
2025-04-12,EQ013,9.2
2025-04-13,EQ013,11.1
2025-04-14,EQ013,12.4
2025-04-15,EQ013,10.9
2025-04-16,EQ013,7.7
2025-04-17,EQ013,11.7
2025-04-18,EQ013,8.8
2025-04-19,EQ013,11.3
2025-04-20,EQ013,11.6
2025-04-21,EQ013,4.7
2025-04-22,EQ013,10.4
2025-04-23,EQ013,7.5
2025-04-24,EQ013,8.4
2025-04-25,EQ013,8.4
2025-04-26,EQ013,8.3
2025-04-27,EQ013,12.6
2025-04-28,EQ013,3.9
2025-04-29,EQ013,2.8
2025-04-30,EQ013,2.2
2025-05-01,EQ013,11.2
2025-05-02,EQ013,5.7
2025-05-03,EQ013,8.4
2025-05-04,EQ013,0.0
2025-05-05,EQ013,7.7
2025-05-06,EQ013,5.3
2025-05-07,EQ013,10.6
2025-05-08,EQ013,7.6
2025-05-09,EQ013,7.3
2025-05-10,EQ013,8.7
2025-05-11,EQ013,0.0
2025-05-12,EQ013,10.2
2025-05-13,EQ013,5.1
2025-05-14,EQ013,10.6
2025-05-15,EQ013,12.3
2025-05-16,EQ013,3.7
2025-05-17,EQ013,8.8
2025-05-18,EQ013,7.1
2025-05-19,EQ013,10.1
2025-05-20,EQ013,4.4
2025-05-21,EQ013,12.9
2025-05-22,EQ013,3.2
2025-05-23,EQ013,0.0
2025-05-24,EQ013,7.3
2025-05-25,EQ013,9.3
2025-05-26,EQ013,5.9
2025-05-27,EQ013,0.0
2025-05-28,EQ013,5.5
2025-05-29,EQ013,8.7
2025-05-30,EQ013,8.2
2025-05-31,EQ013,8.0
2025-06-01,EQ013,10.6
2025-06-02,EQ013,6.8
2025-06-03,EQ013,9.0
2025-06-04,EQ013,6.5
2025-06-05,EQ013,5.5
2025-06-06,EQ013,0.0
2025-06-07,EQ013,7.1
2025-06-08,EQ013,6.5
2025-06-09,EQ013,0.0
2025-06-10,EQ013,6.7
2025-06-11,EQ013,11.5
2025-06-12,EQ013,7.2
2025-06-13,EQ013,6.0
2025-06-14,EQ013,8.1
2025-06-15,EQ013,8.3
2025-06-16,EQ013,0.0
2025-06-17,EQ013,4.4
2025-06-18,EQ013,7.1
2025-06-19,EQ013,7.0
2025-06-20,EQ013,7.5
2025-06-21,EQ013,10.2
2025-06-22,EQ013,0.0
2025-06-23,EQ013,8.4
2025-06-24,EQ013,11.7
2025-06-25,EQ013,8.0
2025-06-26,EQ013,13.3
2025-06-27,EQ013,6.6
2025-06-28,EQ013,5.7
2025-06-29,EQ013,9.6
2025-06-30,EQ013,12.1
2024-07-01,EQ014,3.9
2024-07-02,EQ014,7.4
2024-07-03,EQ014,6.2
2024-07-04,EQ014,8.4
2024-07-05,EQ014,8.0
2024-07-06,EQ014,0.0
2024-07-07,EQ014,12.0
2024-07-08,EQ014,7.7
2024-07-09,EQ014,12.1
2024-07-10,EQ014,7.1
2024-07-11,EQ014,10.8
2024-07-12,EQ014,8.7
2024-07-13,EQ014,13.2
2024-07-14,EQ014,3.6
2024-07-15,EQ014,4.5
2024-07-16,EQ014,13.5
2024-07-17,EQ014,5.8
2024-07-18,EQ014,6.0
2024-07-19,EQ014,5.4
2024-07-20,EQ014,11.4
2024-07-21,EQ014,4.2
2024-07-22,EQ014,8.1
2024-07-23,EQ014,0.0
2024-07-24,EQ014,7.2
2024-07-25,EQ014,11.1
2024-07-26,EQ014,6.3
2024-07-27,EQ014,9.2
2024-07-28,EQ014,4.5
2024-07-29,EQ014,14.8
2024-07-30,EQ014,7.3
2024-07-31,EQ014,8.0
2024-08-01,EQ014,13.0
2024-08-02,EQ014,6.2
2024-08-03,EQ014,13.0
2024-08-04,EQ014,6.8
2024-08-05,EQ014,10.0
2024-08-06,EQ014,6.3
2024-08-07,EQ014,3.9
2024-08-08,EQ014,9.2
2024-08-09,EQ014,9.9
2024-08-10,EQ014,4.1
2024-08-11,EQ014,7.1
2024-08-12,EQ014,11.6
2024-08-13,EQ014,9.8
2024-08-14,EQ014,6.8
2024-08-15,EQ014,6.2
2024-08-16,EQ014,13.8
2024-08-17,EQ014,3.7
2024-08-18,EQ014,7.8
2024-08-19,EQ014,3.6
2024-08-20,EQ014,11.9
2024-08-21,EQ014,8.0
2024-08-22,EQ014,8.5
2024-08-23,EQ014,16.3
2024-08-24,EQ014,6.2
2024-08-25,EQ014,13.2
2024-08-26,EQ014,6.8
2024-08-27,EQ014,7.3
2024-08-28,EQ014,15.9
2024-08-29,EQ014,7.5
2024-08-30,EQ014,3.9
2024-08-31,EQ014,8.8
2024-09-01,EQ014,7.5
2024-09-02,EQ014,9.1
2024-09-03,EQ014,7.6
2024-09-04,EQ014,14.6
2024-09-05,EQ014,9.7
2024-09-06,EQ014,4.8
2024-09-07,EQ014,8.4
2024-09-08,EQ014,5.6
2024-09-09,EQ014,7.3
2024-09-10,EQ014,5.3
2024-09-11,EQ014,14.3
2024-09-12,EQ014,5.9
2024-09-13,EQ014,10.1
2024-09-14,EQ014,7.0
2024-09-15,EQ014,4.5
2024-09-16,EQ014,8.6
2024-09-17,EQ014,9.2
2024-09-18,EQ014,9.7
2024-09-19,EQ014,0.1
2024-09-20,EQ014,4.3
2024-09-21,EQ014,10.9
2024-09-22,EQ014,5.2
2024-09-23,EQ014,8.6
2024-09-24,EQ014,4.2
2024-09-25,EQ014,10.2
2024-09-26,EQ014,10.8
2024-09-27,EQ014,10.2
2024-09-28,EQ014,11.1
2024-09-29,EQ014,12.7
2024-09-30,EQ014,0.0
2024-10-01,EQ014,4.5
2024-10-02,EQ014,0.0
2024-10-03,EQ014,5.6
2024-10-04,EQ014,10.7
2024-10-05,EQ014,11.4
2024-10-06,EQ014,6.0
2024-10-07,EQ014,5.8
2024-10-08,EQ014,6.0
2024-10-09,EQ014,3.2
2024-10-10,EQ014,4.2
2024-10-11,EQ014,4.3
2024-10-12,EQ014,7.1
2024-10-13,EQ014,8.8
2024-10-14,EQ014,9.3
2024-10-15,EQ014,6.5
2024-10-16,EQ014,6.5
2024-10-17,EQ014,0.0
2024-10-18,EQ014,8.4
2024-10-19,EQ014,3.5
2024-10-20,EQ014,10.9
2024-10-21,EQ014,11.9
2024-10-22,EQ014,6.1
2024-10-23,EQ014,6.8
2024-10-24,EQ014,11.7
2024-10-25,EQ014,7.6
2024-10-26,EQ014,9.8
2024-10-27,EQ014,7.7
2024-10-28,EQ014,12.7
2024-10-29,EQ014,9.5
2024-10-30,EQ014,0.0
2024-10-31,EQ014,9.6
2024-11-01,EQ014,9.7
2024-11-02,EQ014,6.3
2024-11-03,EQ014,6.6
2024-11-04,EQ014,10.3
2024-11-05,EQ014,8.4
2024-11-06,EQ014,4.5
2024-11-07,EQ014,0.0
2024-11-08,EQ014,13.6
2024-11-09,EQ014,10.9
2024-11-10,EQ014,8.1
2024-11-11,EQ014,7.2
2024-11-12,EQ014,8.6
2024-11-13,EQ014,9.6
2024-11-14,EQ014,1.9
2024-11-15,EQ014,14.3
2024-11-16,EQ014,5.6
2024-11-17,EQ014,8.0
2024-11-18,EQ014,8.1
2024-11-19,EQ014,14.0
2024-11-20,EQ014,7.7
2024-11-21,EQ014,12.8
2024-11-22,EQ014,9.2
2024-11-23,EQ014,5.1
2024-11-24,EQ014,8.4
2024-11-25,EQ014,7.6
2024-11-26,EQ014,4.7
2024-11-27,EQ014,9.1
2024-11-28,EQ014,8.1
2024-11-29,EQ014,9.7
2024-11-30,EQ014,8.6
2024-12-01,EQ014,6.0
2024-12-02,EQ014,10.3
2024-12-03,EQ014,6.1
2024-12-04,EQ014,0.0
2024-12-05,EQ014,8.4
2024-12-06,EQ014,6.3
2024-12-07,EQ014,9.1
2024-12-08,EQ014,14.0
2024-12-09,EQ014,14.1
2024-12-10,EQ014,7.5
2024-12-11,EQ014,5.5
2024-12-12,EQ014,9.8
2024-12-13,EQ014,6.9
2024-12-14,EQ014,9.2
2024-12-15,EQ014,6.0
2024-12-16,EQ014,8.8
2024-12-17,EQ014,5.6
2024-12-18,EQ014,11.6
2024-12-19,EQ014,6.2
2024-12-20,EQ014,10.0
2024-12-21,EQ014,4.2
2024-12-22,EQ014,10.3
2024-12-23,EQ014,5.1
2024-12-24,EQ014,8.8
2024-12-25,EQ014,11.1
2024-12-26,EQ014,7.4
2024-12-27,EQ014,4.9
2024-12-28,EQ014,9.5
2024-12-29,EQ014,5.5
2024-12-30,EQ014,6.8
2024-12-31,EQ014,8.8
2025-01-01,EQ014,12.1
2025-01-02,EQ014,8.1
2025-01-03,EQ014,8.1
2025-01-04,EQ014,10.2
2025-01-05,EQ014,8.2
2025-01-06,EQ014,9.9
2025-01-07,EQ014,11.2
2025-01-08,EQ014,7.0
2025-01-09,EQ014,0.0
2025-01-10,EQ014,0.0
2025-01-11,EQ014,5.5
2025-01-12,EQ014,11.6
2025-01-13,EQ014,7.9
2025-01-14,EQ014,7.0
2025-01-15,EQ014,11.5
2025-01-16,EQ014,7.7
2025-01-17,EQ014,1.7
2025-01-18,EQ014,3.5
2025-01-19,EQ014,9.3
2025-01-20,EQ014,7.8
2025-01-21,EQ014,12.4
2025-01-22,EQ014,0.0
2025-01-23,EQ014,5.8
2025-01-24,EQ014,7.1
2025-01-25,EQ014,0.0
2025-01-26,EQ014,5.3
2025-01-27,EQ014,6.4
2025-01-28,EQ014,2.3
2025-01-29,EQ014,6.8
2025-01-30,EQ014,7.8
2025-01-31,EQ014,0.0
2025-02-01,EQ014,7.6
2025-02-02,EQ014,14.4
2025-02-03,EQ014,13.5
2025-02-04,EQ014,5.7
2025-02-05,EQ014,1.9
2025-02-06,EQ014,7.7
2025-02-07,EQ014,9.1
2025-02-08,EQ014,5.4
2025-02-09,EQ014,5.6
2025-02-10,EQ014,12.7
2025-02-11,EQ014,7.2
2025-02-12,EQ014,10.0
2025-02-13,EQ014,5.2
2025-02-14,EQ014,7.8
2025-02-15,EQ014,7.0
2025-02-16,EQ014,6.0
2025-02-17,EQ014,11.5
2025-02-18,EQ014,3.8
2025-02-19,EQ014,8.9
2025-02-20,EQ014,6.9
2025-02-21,EQ014,9.2
2025-02-22,EQ014,7.0
2025-02-23,EQ014,10.6
2025-02-24,EQ014,5.2
2025-02-25,EQ014,11.5
2025-02-26,EQ014,7.9
2025-02-27,EQ014,4.0
2025-02-28,EQ014,10.0
2025-03-01,EQ014,7.4
2025-03-02,EQ014,2.9
2025-03-03,EQ014,9.0
2025-03-04,EQ014,11.0
2025-03-05,EQ014,11.8
2025-03-06,EQ014,6.9
2025-03-07,EQ014,8.4
2025-03-08,EQ014,8.2
2025-03-09,EQ014,12.5
2025-03-10,EQ014,5.6
2025-03-11,EQ014,6.6
2025-03-12,EQ014,5.5
2025-03-13,EQ014,3.7
2025-03-14,EQ014,8.7
2025-03-15,EQ014,12.8
2025-03-16,EQ014,7.4
2025-03-17,EQ014,5.4
2025-03-18,EQ014,8.6
2025-03-19,EQ014,9.8
2025-03-20,EQ014,7.5
2025-03-21,EQ014,12.2
2025-03-22,EQ014,0.0
2025-03-23,EQ014,0.0
2025-03-24,EQ014,5.6
2025-03-25,EQ014,7.1
2025-03-26,EQ014,8.9
2025-03-27,EQ014,9.2
2025-03-28,EQ014,8.1
2025-03-29,EQ014,4.2
2025-03-30,EQ014,15.0
2025-03-31,EQ014,7.3
2025-04-01,EQ014,8.3
2025-04-02,EQ014,0.0
2025-04-03,EQ014,9.9
2025-04-04,EQ014,6.1
2025-04-05,EQ014,8.2
2025-04-06,EQ014,6.0
2025-04-07,EQ014,9.2
2025-04-08,EQ014,7.2
2025-04-09,EQ014,0.0
2025-04-10,EQ014,8.8
2025-04-11,EQ014,4.9
2025-04-12,EQ014,5.5
2025-04-13,EQ014,3.9
2025-04-14,EQ014,0.0
2025-04-15,EQ014,5.9
2025-04-16,EQ014,0.3
2025-04-17,EQ014,7.1
2025-04-18,EQ014,6.4
2025-04-19,EQ014,8.5
2025-04-20,EQ014,8.1
2025-04-21,EQ014,11.8
2025-04-22,EQ014,15.8
2025-04-23,EQ014,11.4
2025-04-24,EQ014,6.6
2025-04-25,EQ014,6.5
2025-04-26,EQ014,10.6
2025-04-27,EQ014,2.9
2025-04-28,EQ014,7.1
2025-04-29,EQ014,7.3
2025-04-30,EQ014,9.8
2025-05-01,EQ014,9.8
2025-05-02,EQ014,5.8
2025-05-03,EQ014,6.8
2025-05-04,EQ014,9.3
2025-05-05,EQ014,5.6
2025-05-06,EQ014,11.6
2025-05-07,EQ014,9.8
2025-05-08,EQ014,8.5
2025-05-09,EQ014,9.2
2025-05-10,EQ014,6.6
2025-05-11,EQ014,6.1
2025-05-12,EQ014,0.0
2025-05-13,EQ014,6.7
2025-05-14,EQ014,9.5
2025-05-15,EQ014,8.6
2025-05-16,EQ014,6.7
2025-05-17,EQ014,10.2
2025-05-18,EQ014,7.5
2025-05-19,EQ014,5.9
2025-05-20,EQ014,8.8
2025-05-21,EQ014,5.0
2025-05-22,EQ014,2.9
2025-05-23,EQ014,0.0
2025-05-24,EQ014,8.0
2025-05-25,EQ014,6.0
2025-05-26,EQ014,7.2
2025-05-27,EQ014,5.1
2025-05-28,EQ014,11.6
2025-05-29,EQ014,6.0
2025-05-30,EQ014,6.7
2025-05-31,EQ014,9.1
2025-06-01,EQ014,3.9
2025-06-02,EQ014,3.6
2025-06-03,EQ014,9.1
2025-06-04,EQ014,6.7
2025-06-05,EQ014,0.0
2025-06-06,EQ014,5.3
2025-06-07,EQ014,9.8
2025-06-08,EQ014,5.6
2025-06-09,EQ014,7.2
2025-06-10,EQ014,5.3
2025-06-11,EQ014,8.9
2025-06-12,EQ014,12.0
2025-06-13,EQ014,2.4
2025-06-14,EQ014,8.3
2025-06-15,EQ014,10.6
2025-06-16,EQ014,6.7
2025-06-17,EQ014,4.6
2025-06-18,EQ014,9.3
2025-06-19,EQ014,11.0
2025-06-20,EQ014,10.7
2025-06-21,EQ014,9.1
2025-06-22,EQ014,8.3
2025-06-23,EQ014,0.0
2025-06-24,EQ014,5.3
2025-06-25,EQ014,10.6
2025-06-26,EQ014,10.4
2025-06-27,EQ014,4.6
2025-06-28,EQ014,9.1
2025-06-29,EQ014,0.0
2025-06-30,EQ014,10.0
2024-07-01,EQ015,10.6
2024-07-02,EQ015,7.8
2024-07-03,EQ015,5.4
2024-07-04,EQ015,6.5
2024-07-05,EQ015,5.0
2024-07-06,EQ015,7.8
2024-07-07,EQ015,7.3
2024-07-08,EQ015,14.4
2024-07-09,EQ015,10.7
2024-07-10,EQ015,10.9
2024-07-11,EQ015,9.4
2024-07-12,EQ015,6.9
2024-07-13,EQ015,7.2
2024-07-14,EQ015,0.0
2024-07-15,EQ015,7.4
2024-07-16,EQ015,8.6
2024-07-17,EQ015,9.2
2024-07-18,EQ015,8.0
2024-07-19,EQ015,7.1
2024-07-20,EQ015,6.2
2024-07-21,EQ015,3.8
2024-07-22,EQ015,11.9
2024-07-23,EQ015,14.6
2024-07-24,EQ015,11.6
2024-07-25,EQ015,4.2
2024-07-26,EQ015,10.4
2024-07-27,EQ015,11.1
2024-07-28,EQ015,6.8
2024-07-29,EQ015,9.5
2024-07-30,EQ015,6.6
2024-07-31,EQ015,12.6
2024-08-01,EQ015,9.1
2024-08-02,EQ015,5.2
2024-08-03,EQ015,10.0
2024-08-04,EQ015,11.2
2024-08-05,EQ015,8.6
2024-08-06,EQ015,9.4
2024-08-07,EQ015,7.8
2024-08-08,EQ015,4.6
2024-08-09,EQ015,7.5
2024-08-10,EQ015,9.6
2024-08-11,EQ015,7.6
2024-08-12,EQ015,10.4
2024-08-13,EQ015,6.8
2024-08-14,EQ015,7.0
2024-08-15,EQ015,10.5
2024-08-16,EQ015,8.7
2024-08-17,EQ015,6.8
2024-08-18,EQ015,11.1
2024-08-19,EQ015,5.9
2024-08-20,EQ015,5.8
2024-08-21,EQ015,0.0
2024-08-22,EQ015,6.3
2024-08-23,EQ015,11.9
2024-08-24,EQ015,1.8
2024-08-25,EQ015,5.1
2024-08-26,EQ015,9.3
2024-08-27,EQ015,1.3
2024-08-28,EQ015,6.5
2024-08-29,EQ015,11.4
2024-08-30,EQ015,14.1
2024-08-31,EQ015,8.9
2024-09-01,EQ015,5.2
2024-09-02,EQ015,5.1
2024-09-03,EQ015,8.4
2024-09-04,EQ015,8.8
2024-09-05,EQ015,0.0
2024-09-06,EQ015,13.6
2024-09-07,EQ015,10.9
2024-09-08,EQ015,8.3
2024-09-09,EQ015,7.0
2024-09-10,EQ015,17.0
2024-09-11,EQ015,9.9
2024-09-12,EQ015,6.0
2024-09-13,EQ015,7.3
2024-09-14,EQ015,5.4
2024-09-15,EQ015,0.8
2024-09-16,EQ015,8.9
2024-09-17,EQ015,13.3
2024-09-18,EQ015,3.1
2024-09-19,EQ015,8.2
2024-09-20,EQ015,5.9
2024-09-21,EQ015,9.6
2024-09-22,EQ015,7.5
2024-09-23,EQ015,3.9
2024-09-24,EQ015,5.1
2024-09-25,EQ015,5.5
2024-09-26,EQ015,12.0
2024-09-27,EQ015,11.9
2024-09-28,EQ015,7.1
2024-09-29,EQ015,11.7
2024-09-30,EQ015,7.5
2024-10-01,EQ015,7.0
2024-10-02,EQ015,8.2
2024-10-03,EQ015,8.9
2024-10-04,EQ015,6.3
2024-10-05,EQ015,8.1
2024-10-06,EQ015,10.4
2024-10-07,EQ015,8.4
2024-10-08,EQ015,8.1
2024-10-09,EQ015,9.5
2024-10-10,EQ015,10.0
2024-10-11,EQ015,7.8
2024-10-12,EQ015,6.6
2024-10-13,EQ015,8.6
2024-10-14,EQ015,3.2
2024-10-15,EQ015,7.4
2024-10-16,EQ015,0.6
2024-10-17,EQ015,3.0
2024-10-18,EQ015,2.5
2024-10-19,EQ015,11.1
2024-10-20,EQ015,8.0
2024-10-21,EQ015,4.2
2024-10-22,EQ015,9.5
2024-10-23,EQ015,11.0
2024-10-24,EQ015,9.5
2024-10-25,EQ015,7.4
2024-10-26,EQ015,8.7
2024-10-27,EQ015,0.0
2024-10-28,EQ015,10.7
2024-10-29,EQ015,6.6
2024-10-30,EQ015,8.1
2024-10-31,EQ015,7.2
2024-11-01,EQ015,3.2
2024-11-02,EQ015,10.7
2024-11-03,EQ015,14.2
2024-11-04,EQ015,5.4
2024-11-05,EQ015,10.9
2024-11-06,EQ015,5.5
2024-11-07,EQ015,8.4
2024-11-08,EQ015,12.5
2024-11-09,EQ015,6.4
2024-11-10,EQ015,8.0
2024-11-11,EQ015,2.6
2024-11-12,EQ015,6.0
2024-11-13,EQ015,0.0
2024-11-14,EQ015,2.3
2024-11-15,EQ015,9.3
2024-11-16,EQ015,10.5
2024-11-17,EQ015,7.3
2024-11-18,EQ015,8.9
2024-11-19,EQ015,7.0
2024-11-20,EQ015,10.2
2024-11-21,EQ015,8.4
2024-11-22,EQ015,2.0
2024-11-23,EQ015,10.8
2024-11-24,EQ015,6.8
2024-11-25,EQ015,4.2
2024-11-26,EQ015,6.7
2024-11-27,EQ015,2.3
2024-11-28,EQ015,4.3
2024-11-29,EQ015,8.4
2024-11-30,EQ015,8.7
2024-12-01,EQ015,8.9
2024-12-02,EQ015,8.0
2024-12-03,EQ015,5.9
2024-12-04,EQ015,7.8
2024-12-05,EQ015,6.7
2024-12-06,EQ015,3.1
2024-12-07,EQ015,5.7
2024-12-08,EQ015,10.7
2024-12-09,EQ015,12.8
2024-12-10,EQ015,10.0
2024-12-11,EQ015,12.6
2024-12-12,EQ015,8.3
2024-12-13,EQ015,13.2
2024-12-14,EQ015,0.0
2024-12-15,EQ015,14.2
2024-12-16,EQ015,2.8
2024-12-17,EQ015,8.7
2024-12-18,EQ015,8.3
2024-12-19,EQ015,6.7
2024-12-20,EQ015,9.5
2024-12-21,EQ015,8.1
2024-12-22,EQ015,5.8
2024-12-23,EQ015,7.9
2024-12-24,EQ015,11.6
2024-12-25,EQ015,8.5
2024-12-26,EQ015,9.9
2024-12-27,EQ015,7.2
2024-12-28,EQ015,9.4
2024-12-29,EQ015,4.4
2024-12-30,EQ015,6.5
2024-12-31,EQ015,7.7
2025-01-01,EQ015,4.2
2025-01-02,EQ015,5.5
2025-01-03,EQ015,8.9
2025-01-04,EQ015,8.4
2025-01-05,EQ015,10.4
2025-01-06,EQ015,6.2
2025-01-07,EQ015,8.2
2025-01-08,EQ015,6.0
2025-01-09,EQ015,10.1
2025-01-10,EQ015,11.6
2025-01-11,EQ015,9.4
2025-01-12,EQ015,11.2
2025-01-13,EQ015,8.1
2025-01-14,EQ015,10.4
2025-01-15,EQ015,8.2
2025-01-16,EQ015,4.9
2025-01-17,EQ015,8.7
2025-01-18,EQ015,5.0
2025-01-19,EQ015,15.0
2025-01-20,EQ015,7.0
2025-01-21,EQ015,9.9
2025-01-22,EQ015,8.0
2025-01-23,EQ015,4.3
2025-01-24,EQ015,2.3
2025-01-25,EQ015,10.2
2025-01-26,EQ015,12.6
2025-01-27,EQ015,5.8
2025-01-28,EQ015,3.0
2025-01-29,EQ015,7.0
2025-01-30,EQ015,5.2
2025-01-31,EQ015,6.0
2025-02-01,EQ015,9.8
2025-02-02,EQ015,7.8
2025-02-03,EQ015,5.5
2025-02-04,EQ015,9.8
2025-02-05,EQ015,10.0
2025-02-06,EQ015,7.0
2025-02-07,EQ015,8.4
2025-02-08,EQ015,9.6
2025-02-09,EQ015,9.3
2025-02-10,EQ015,8.1
2025-02-11,EQ015,0.0
2025-02-12,EQ015,12.3
2025-02-13,EQ015,9.7
2025-02-14,EQ015,6.6
2025-02-15,EQ015,6.7
2025-02-16,EQ015,6.3
2025-02-17,EQ015,9.9
2025-02-18,EQ015,6.1
2025-02-19,EQ015,6.7
2025-02-20,EQ015,11.2
2025-02-21,EQ015,8.6
2025-02-22,EQ015,11.6
2025-02-23,EQ015,10.4
2025-02-24,EQ015,4.5
2025-02-25,EQ015,7.7
2025-02-26,EQ015,11.0
2025-02-27,EQ015,4.3
2025-02-28,EQ015,9.3
2025-03-01,EQ015,7.9
2025-03-02,EQ015,2.7
2025-03-03,EQ015,0.0
2025-03-04,EQ015,8.4
2025-03-05,EQ015,5.5
2025-03-06,EQ015,4.5
2025-03-07,EQ015,8.0
2025-03-08,EQ015,2.2
2025-03-09,EQ015,6.0
2025-03-10,EQ015,15.7
2025-03-11,EQ015,10.0
2025-03-12,EQ015,5.4
2025-03-13,EQ015,12.2
2025-03-14,EQ015,5.0
2025-03-15,EQ015,6.3
2025-03-16,EQ015,4.6
2025-03-17,EQ015,8.8
2025-03-18,EQ015,12.1
2025-03-19,EQ015,5.0
2025-03-20,EQ015,1.8
2025-03-21,EQ015,11.3
2025-03-22,EQ015,12.7
2025-03-23,EQ015,2.0
2025-03-24,EQ015,9.4
2025-03-25,EQ015,8.7
2025-03-26,EQ015,5.6
2025-03-27,EQ015,3.8
2025-03-28,EQ015,11.0
2025-03-29,EQ015,8.5
2025-03-30,EQ015,8.8
2025-03-31,EQ015,6.1
2025-04-01,EQ015,5.6
2025-04-02,EQ015,0.6
2025-04-03,EQ015,7.3
2025-04-04,EQ015,12.3
2025-04-05,EQ015,5.3
2025-04-06,EQ015,3.4
2025-04-07,EQ015,9.3
2025-04-08,EQ015,9.9
2025-04-09,EQ015,6.2
2025-04-10,EQ015,7.0
2025-04-11,EQ015,8.8
2025-04-12,EQ015,0.0
2025-04-13,EQ015,7.5
2025-04-14,EQ015,11.0
2025-04-15,EQ015,15.3
2025-04-16,EQ015,2.9
2025-04-17,EQ015,11.7
2025-04-18,EQ015,0.0
2025-04-19,EQ015,8.3
2025-04-20,EQ015,12.2
2025-04-21,EQ015,10.2
2025-04-22,EQ015,8.2
2025-04-23,EQ015,10.3
2025-04-24,EQ015,6.8
2025-04-25,EQ015,5.7
2025-04-26,EQ015,10.4
2025-04-27,EQ015,5.5
2025-04-28,EQ015,9.9
2025-04-29,EQ015,8.1
2025-04-30,EQ015,1.0
2025-05-01,EQ015,6.3
2025-05-02,EQ015,9.0
2025-05-03,EQ015,6.8
2025-05-04,EQ015,0.4
2025-05-05,EQ015,12.0
2025-05-06,EQ015,8.5
2025-05-07,EQ015,9.3
2025-05-08,EQ015,6.6
2025-05-09,EQ015,9.6
2025-05-10,EQ015,13.5
2025-05-11,EQ015,0.0
2025-05-12,EQ015,5.8
2025-05-13,EQ015,13.0
2025-05-14,EQ015,9.2
2025-05-15,EQ015,5.4
2025-05-16,EQ015,14.6
2025-05-17,EQ015,9.2
2025-05-18,EQ015,0.0
2025-05-19,EQ015,10.0
2025-05-20,EQ015,7.2
2025-05-21,EQ015,5.6
2025-05-22,EQ015,8.5
2025-05-23,EQ015,12.7
2025-05-24,EQ015,7.1
2025-05-25,EQ015,7.9
2025-05-26,EQ015,12.4
2025-05-27,EQ015,7.1
2025-05-28,EQ015,9.5
2025-05-29,EQ015,10.6
2025-05-30,EQ015,7.4
2025-05-31,EQ015,8.9
2025-06-01,EQ015,10.0
2025-06-02,EQ015,6.8
2025-06-03,EQ015,10.4
2025-06-04,EQ015,6.4
2025-06-05,EQ015,6.0
2025-06-06,EQ015,3.4
2025-06-07,EQ015,6.5
2025-06-08,EQ015,5.6
2025-06-09,EQ015,6.8
2025-06-10,EQ015,9.8
2025-06-11,EQ015,2.8
2025-06-12,EQ015,2.1
2025-06-13,EQ015,5.8
2025-06-14,EQ015,9.4
2025-06-15,EQ015,8.9
2025-06-16,EQ015,5.7
2025-06-17,EQ015,11.5
2025-06-18,EQ015,6.0
2025-06-19,EQ015,9.4
2025-06-20,EQ015,6.9
2025-06-21,EQ015,5.4
2025-06-22,EQ015,6.2
2025-06-23,EQ015,10.2
2025-06-24,EQ015,9.1
2025-06-25,EQ015,10.9
2025-06-26,EQ015,9.1
2025-06-27,EQ015,3.2
2025-06-28,EQ015,14.3
2025-06-29,EQ015,9.1
2025-06-30,EQ015,9.5
2024-07-01,EQ016,6.9
2024-07-02,EQ016,11.3
2024-07-03,EQ016,4.7
2024-07-04,EQ016,9.8
2024-07-05,EQ016,1.8
2024-07-06,EQ016,10.0
2024-07-07,EQ016,4.8
2024-07-08,EQ016,8.8
2024-07-09,EQ016,12.1
2024-07-10,EQ016,10.5
2024-07-11,EQ016,11.7
2024-07-12,EQ016,11.4
2024-07-13,EQ016,6.4
2024-07-14,EQ016,9.8
2024-07-15,EQ016,2.8
2024-07-16,EQ016,5.9
2024-07-17,EQ016,12.2
2024-07-18,EQ016,6.8
2024-07-19,EQ016,2.4
2024-07-20,EQ016,14.0
2024-07-21,EQ016,9.7
2024-07-22,EQ016,10.3
2024-07-23,EQ016,5.1
2024-07-24,EQ016,8.9
2024-07-25,EQ016,8.8
2024-07-26,EQ016,0.0
2024-07-27,EQ016,5.5
2024-07-28,EQ016,7.5
2024-07-29,EQ016,3.5
2024-07-30,EQ016,7.0
2024-07-31,EQ016,10.9
2024-08-01,EQ016,5.8
2024-08-02,EQ016,13.7
2024-08-03,EQ016,3.7
2024-08-04,EQ016,7.2
2024-08-05,EQ016,6.0
2024-08-06,EQ016,7.5
2024-08-07,EQ016,12.1
2024-08-08,EQ016,5.0
2024-08-09,EQ016,6.6
2024-08-10,EQ016,10.0
2024-08-11,EQ016,8.3
2024-08-12,EQ016,8.5
2024-08-13,EQ016,5.1
2024-08-14,EQ016,0.0
2024-08-15,EQ016,7.8
2024-08-16,EQ016,11.4
2024-08-17,EQ016,3.2
2024-08-18,EQ016,5.9
2024-08-19,EQ016,2.6
2024-08-20,EQ016,9.6
2024-08-21,EQ016,11.7
2024-08-22,EQ016,7.4
2024-08-23,EQ016,5.0
2024-08-24,EQ016,5.1
2024-08-25,EQ016,7.1
2024-08-26,EQ016,7.1
2024-08-27,EQ016,10.7
2024-08-28,EQ016,6.0
2024-08-29,EQ016,9.3
2024-08-30,EQ016,7.1
2024-08-31,EQ016,5.8
2024-09-01,EQ016,7.0
2024-09-02,EQ016,9.0
2024-09-03,EQ016,10.7
2024-09-04,EQ016,7.2
2024-09-05,EQ016,0.0
2024-09-06,EQ016,4.4
2024-09-07,EQ016,11.0
2024-09-08,EQ016,0.0
2024-09-09,EQ016,5.3
2024-09-10,EQ016,8.8
2024-09-11,EQ016,7.9
2024-09-12,EQ016,7.5
2024-09-13,EQ016,6.5
2024-09-14,EQ016,9.9
2024-09-15,EQ016,0.0
2024-09-16,EQ016,11.4
2024-09-17,EQ016,5.3
2024-09-18,EQ016,0.0
2024-09-19,EQ016,9.2
2024-09-20,EQ016,9.1
2024-09-21,EQ016,11.8
2024-09-22,EQ016,8.6
2024-09-23,EQ016,0.0
2024-09-24,EQ016,5.5
2024-09-25,EQ016,3.2
2024-09-26,EQ016,7.0
2024-09-27,EQ016,0.0
2024-09-28,EQ016,2.1
2024-09-29,EQ016,6.1
2024-09-30,EQ016,7.1
2024-10-01,EQ016,5.9
2024-10-02,EQ016,8.1
2024-10-03,EQ016,7.3
2024-10-04,EQ016,7.0
2024-10-05,EQ016,0.7
2024-10-06,EQ016,4.1
2024-10-07,EQ016,9.9
2024-10-08,EQ016,10.4
2024-10-09,EQ016,2.5
2024-10-10,EQ016,5.6
2024-10-11,EQ016,11.2
2024-10-12,EQ016,5.8
2024-10-13,EQ016,7.7
2024-10-14,EQ016,12.3
2024-10-15,EQ016,6.9
2024-10-16,EQ016,6.5
2024-10-17,EQ016,7.5
2024-10-18,EQ016,13.6
2024-10-19,EQ016,9.3
2024-10-20,EQ016,8.1
2024-10-21,EQ016,6.4
2024-10-22,EQ016,9.6
2024-10-23,EQ016,10.0
2024-10-24,EQ016,4.8
2024-10-25,EQ016,10.1
2024-10-26,EQ016,7.5
2024-10-27,EQ016,8.1
2024-10-28,EQ016,5.3
2024-10-29,EQ016,0.0
2024-10-30,EQ016,6.8
2024-10-31,EQ016,4.9
2024-11-01,EQ016,4.8
2024-11-02,EQ016,9.1
2024-11-03,EQ016,0.0
2024-11-04,EQ016,6.9
2024-11-05,EQ016,0.0
2024-11-06,EQ016,4.1
2024-11-07,EQ016,14.5
2024-11-08,EQ016,4.6
2024-11-09,EQ016,11.3
2024-11-10,EQ016,3.6
2024-11-11,EQ016,9.4
2024-11-12,EQ016,7.2
2024-11-13,EQ016,6.1
2024-11-14,EQ016,8.6
2024-11-15,EQ016,8.2
2024-11-16,EQ016,5.6
2024-11-17,EQ016,5.4
2024-11-18,EQ016,3.3
2024-11-19,EQ016,8.9
2024-11-20,EQ016,0.0
2024-11-21,EQ016,4.2
2024-11-22,EQ016,8.0
2024-11-23,EQ016,9.8
2024-11-24,EQ016,8.6
2024-11-25,EQ016,5.8
2024-11-26,EQ016,10.7
2024-11-27,EQ016,0.0
2024-11-28,EQ016,6.8
2024-11-29,EQ016,4.0
2024-11-30,EQ016,7.1
2024-12-01,EQ016,9.8
2024-12-02,EQ016,6.0
2024-12-03,EQ016,10.6
2024-12-04,EQ016,5.7
2024-12-05,EQ016,6.1
2024-12-06,EQ016,4.9
2024-12-07,EQ016,10.1
2024-12-08,EQ016,7.8
2024-12-09,EQ016,5.1
2024-12-10,EQ016,6.8
2024-12-11,EQ016,0.0
2024-12-12,EQ016,10.3
2024-12-13,EQ016,7.5
2024-12-14,EQ016,0.8
2024-12-15,EQ016,3.6
2024-12-16,EQ016,0.0
2024-12-17,EQ016,6.7
2024-12-18,EQ016,4.1
2024-12-19,EQ016,10.4
2024-12-20,EQ016,9.3
2024-12-21,EQ016,9.1
2024-12-22,EQ016,0.2
2024-12-23,EQ016,0.0
2024-12-24,EQ016,6.4
2024-12-25,EQ016,5.9
2024-12-26,EQ016,5.1
2024-12-27,EQ016,6.8
2024-12-28,EQ016,4.6
2024-12-29,EQ016,8.6
2024-12-30,EQ016,10.3
2024-12-31,EQ016,10.0
2025-01-01,EQ016,7.6
2025-01-02,EQ016,14.0
2025-01-03,EQ016,11.4
2025-01-04,EQ016,7.7
2025-01-05,EQ016,6.6
2025-01-06,EQ016,12.0
2025-01-07,EQ016,11.0
2025-01-08,EQ016,3.8
2025-01-09,EQ016,11.3
2025-01-10,EQ016,7.5
2025-01-11,EQ016,5.4
2025-01-12,EQ016,2.1
2025-01-13,EQ016,7.2
2025-01-14,EQ016,8.0
2025-01-15,EQ016,12.8
2025-01-16,EQ016,10.9
2025-01-17,EQ016,6.3
2025-01-18,EQ016,9.2
2025-01-19,EQ016,10.5
2025-01-20,EQ016,8.3
2025-01-21,EQ016,6.2
2025-01-22,EQ016,6.4
2025-01-23,EQ016,9.2
2025-01-24,EQ016,9.2
2025-01-25,EQ016,7.1
2025-01-26,EQ016,0.1
2025-01-27,EQ016,4.1
2025-01-28,EQ016,9.9
2025-01-29,EQ016,1.6
2025-01-30,EQ016,11.6
2025-01-31,EQ016,11.1
2025-02-01,EQ016,8.1
2025-02-02,EQ016,9.8
2025-02-03,EQ016,9.6
2025-02-04,EQ016,7.6
2025-02-05,EQ016,3.9
2025-02-06,EQ016,10.9
2025-02-07,EQ016,12.2
2025-02-08,EQ016,4.4
2025-02-09,EQ016,3.8
2025-02-10,EQ016,7.6
2025-02-11,EQ016,6.1
2025-02-12,EQ016,8.4
2025-02-13,EQ016,11.6
2025-02-14,EQ016,1.3
2025-02-15,EQ016,12.7
2025-02-16,EQ016,6.8
2025-02-17,EQ016,9.5
2025-02-18,EQ016,9.9
2025-02-19,EQ016,10.2
2025-02-20,EQ016,8.2
2025-02-21,EQ016,8.9
2025-02-22,EQ016,8.9
2025-02-23,EQ016,6.1
2025-02-24,EQ016,2.7
2025-02-25,EQ016,4.3
2025-02-26,EQ016,0.0
2025-02-27,EQ016,7.7
2025-02-28,EQ016,0.0
2025-03-01,EQ016,5.6
2025-03-02,EQ016,5.6
2025-03-03,EQ016,0.0
2025-03-04,EQ016,13.4
2025-03-05,EQ016,10.6
2025-03-06,EQ016,7.2
2025-03-07,EQ016,10.0
2025-03-08,EQ016,6.7
2025-03-09,EQ016,8.3
2025-03-10,EQ016,9.3
2025-03-11,EQ016,0.0
2025-03-12,EQ016,6.7
2025-03-13,EQ016,5.9
2025-03-14,EQ016,11.7
2025-03-15,EQ016,9.8
2025-03-16,EQ016,1.2
2025-03-17,EQ016,6.0
2025-03-18,EQ016,5.7
2025-03-19,EQ016,6.1
2025-03-20,EQ016,10.6
2025-03-21,EQ016,8.1
2025-03-22,EQ016,3.8
2025-03-23,EQ016,0.0
2025-03-24,EQ016,6.9
2025-03-25,EQ016,9.6
2025-03-26,EQ016,7.3
2025-03-27,EQ016,6.1
2025-03-28,EQ016,9.0
2025-03-29,EQ016,12.9
2025-03-30,EQ016,9.4
2025-03-31,EQ016,11.9
2025-04-01,EQ016,6.3
2025-04-02,EQ016,8.0
2025-04-03,EQ016,7.9
2025-04-04,EQ016,8.4
2025-04-05,EQ016,0.0
2025-04-06,EQ016,9.3
2025-04-07,EQ016,5.2
2025-04-08,EQ016,9.9
2025-04-09,EQ016,3.1
2025-04-10,EQ016,4.0
2025-04-11,EQ016,14.4
2025-04-12,EQ016,6.5
2025-04-13,EQ016,10.2
2025-04-14,EQ016,13.1
2025-04-15,EQ016,1.1
2025-04-16,EQ016,11.4
2025-04-17,EQ016,9.9
2025-04-18,EQ016,12.9
2025-04-19,EQ016,4.5
2025-04-20,EQ016,12.4
2025-04-21,EQ016,5.8
2025-04-22,EQ016,11.2
2025-04-23,EQ016,7.9
2025-04-24,EQ016,10.3
2025-04-25,EQ016,8.1
2025-04-26,EQ016,2.5
2025-04-27,EQ016,0.0
2025-04-28,EQ016,8.6
2025-04-29,EQ016,7.2
2025-04-30,EQ016,9.2
2025-05-01,EQ016,7.2
2025-05-02,EQ016,14.1
2025-05-03,EQ016,8.7
2025-05-04,EQ016,6.7
2025-05-05,EQ016,9.0
2025-05-06,EQ016,6.7
2025-05-07,EQ016,8.3
2025-05-08,EQ016,4.3
2025-05-09,EQ016,8.0
2025-05-10,EQ016,6.6
2025-05-11,EQ016,4.6
2025-05-12,EQ016,13.9
2025-05-13,EQ016,4.7
2025-05-14,EQ016,8.0
2025-05-15,EQ016,5.6
2025-05-16,EQ016,8.9
2025-05-17,EQ016,4.2
2025-05-18,EQ016,10.5
2025-05-19,EQ016,14.1
2025-05-20,EQ016,5.5
2025-05-21,EQ016,11.7
2025-05-22,EQ016,6.9
2025-05-23,EQ016,12.5
2025-05-24,EQ016,14.6
2025-05-25,EQ016,7.3
2025-05-26,EQ016,3.4
2025-05-27,EQ016,10.8
2025-05-28,EQ016,8.7
2025-05-29,EQ016,9.5
2025-05-30,EQ016,7.0
2025-05-31,EQ016,5.3
2025-06-01,EQ016,11.5
2025-06-02,EQ016,9.0
2025-06-03,EQ016,3.7
2025-06-04,EQ016,10.1
2025-06-05,EQ016,9.5
2025-06-06,EQ016,7.0
2025-06-07,EQ016,12.9
2025-06-08,EQ016,6.1
2025-06-09,EQ016,7.5
2025-06-10,EQ016,10.3
2025-06-11,EQ016,8.2
2025-06-12,EQ016,3.8
2025-06-13,EQ016,8.6
2025-06-14,EQ016,6.8
2025-06-15,EQ016,10.6
2025-06-16,EQ016,8.5
2025-06-17,EQ016,8.3
2025-06-18,EQ016,4.9
2025-06-19,EQ016,7.3
2025-06-20,EQ016,10.9
2025-06-21,EQ016,5.7
2025-06-22,EQ016,7.9
2025-06-23,EQ016,5.2
2025-06-24,EQ016,4.4
2025-06-25,EQ016,7.7
2025-06-26,EQ016,8.5
2025-06-27,EQ016,14.0
2025-06-28,EQ016,6.6
2025-06-29,EQ016,7.8
2025-06-30,EQ016,4.2
2024-07-01,EQ017,9.8
2024-07-02,EQ017,9.2
2024-07-03,EQ017,12.5
2024-07-04,EQ017,11.3
2024-07-05,EQ017,9.1
2024-07-06,EQ017,6.6
2024-07-07,EQ017,8.6
2024-07-08,EQ017,0.0
2024-07-09,EQ017,7.7
2024-07-10,EQ017,10.9
2024-07-11,EQ017,10.5
2024-07-12,EQ017,7.1
2024-07-13,EQ017,3.6
2024-07-14,EQ017,12.0
2024-07-15,EQ017,9.7
2024-07-16,EQ017,7.0
2024-07-17,EQ017,9.6
2024-07-18,EQ017,8.2
2024-07-19,EQ017,12.0
2024-07-20,EQ017,2.2
2024-07-21,EQ017,0.0
2024-07-22,EQ017,6.8
2024-07-23,EQ017,12.8
2024-07-24,EQ017,9.7
2024-07-25,EQ017,13.3
2024-07-26,EQ017,4.3
2024-07-27,EQ017,0.0
2024-07-28,EQ017,11.2
2024-07-29,EQ017,11.0
2024-07-30,EQ017,3.0
2024-07-31,EQ017,7.1
2024-08-01,EQ017,7.7
2024-08-02,EQ017,3.1
2024-08-03,EQ017,7.2
2024-08-04,EQ017,10.6
2024-08-05,EQ017,6.8
2024-08-06,EQ017,8.7
2024-08-07,EQ017,8.7
2024-08-08,EQ017,8.0
2024-08-09,EQ017,0.0
2024-08-10,EQ017,5.9
2024-08-11,EQ017,10.0
2024-08-12,EQ017,3.2
2024-08-13,EQ017,8.0
2024-08-14,EQ017,12.2
2024-08-15,EQ017,6.7
2024-08-16,EQ017,5.8
2024-08-17,EQ017,10.2
2024-08-18,EQ017,8.5
2024-08-19,EQ017,10.2
2024-08-20,EQ017,8.1
2024-08-21,EQ017,0.8
2024-08-22,EQ017,11.5
2024-08-23,EQ017,14.2
2024-08-24,EQ017,11.9
2024-08-25,EQ017,0.0
2024-08-26,EQ017,9.4
2024-08-27,EQ017,6.6
2024-08-28,EQ017,4.7
2024-08-29,EQ017,8.4
2024-08-30,EQ017,7.6
2024-08-31,EQ017,9.5
2024-09-01,EQ017,8.2
2024-09-02,EQ017,4.6
2024-09-03,EQ017,6.3
2024-09-04,EQ017,5.8
2024-09-05,EQ017,2.9
2024-09-06,EQ017,3.9
2024-09-07,EQ017,7.4
2024-09-08,EQ017,0.0
2024-09-09,EQ017,12.3
2024-09-10,EQ017,6.4
2024-09-11,EQ017,5.7
2024-09-12,EQ017,4.5
2024-09-13,EQ017,8.1
2024-09-14,EQ017,11.5
2024-09-15,EQ017,14.0
2024-09-16,EQ017,8.9
2024-09-17,EQ017,8.4
2024-09-18,EQ017,6.4
2024-09-19,EQ017,6.9
2024-09-20,EQ017,9.9
2024-09-21,EQ017,7.1
2024-09-22,EQ017,7.5
2024-09-23,EQ017,7.9
2024-09-24,EQ017,6.2
2024-09-25,EQ017,7.8
2024-09-26,EQ017,1.9
2024-09-27,EQ017,9.6
2024-09-28,EQ017,15.1
2024-09-29,EQ017,6.3
2024-09-30,EQ017,9.1
2024-10-01,EQ017,10.6
2024-10-02,EQ017,11.8
2024-10-03,EQ017,7.2
2024-10-04,EQ017,2.6
2024-10-05,EQ017,8.8
2024-10-06,EQ017,8.4
2024-10-07,EQ017,7.0
2024-10-08,EQ017,7.6
2024-10-09,EQ017,8.4
2024-10-10,EQ017,9.1
2024-10-11,EQ017,9.0
2024-10-12,EQ017,7.3
2024-10-13,EQ017,9.2
2024-10-14,EQ017,7.1
2024-10-15,EQ017,9.9
2024-10-16,EQ017,6.1
2024-10-17,EQ017,8.2
2024-10-18,EQ017,3.1
2024-10-19,EQ017,6.9
2024-10-20,EQ017,9.7
2024-10-21,EQ017,4.9
2024-10-22,EQ017,7.0
2024-10-23,EQ017,0.8
2024-10-24,EQ017,3.9
2024-10-25,EQ017,4.7
2024-10-26,EQ017,8.3
2024-10-27,EQ017,9.0
2024-10-28,EQ017,7.8
2024-10-29,EQ017,0.0
2024-10-30,EQ017,6.9
2024-10-31,EQ017,6.9
2024-11-01,EQ017,10.1
2024-11-02,EQ017,8.6
2024-11-03,EQ017,7.0
2024-11-04,EQ017,0.0
2024-11-05,EQ017,0.0
2024-11-06,EQ017,11.9
2024-11-07,EQ017,13.8
2024-11-08,EQ017,4.3
2024-11-09,EQ017,9.6
2024-11-10,EQ017,17.3
2024-11-11,EQ017,8.8
2024-11-12,EQ017,8.3
2024-11-13,EQ017,7.8
2024-11-14,EQ017,9.5
2024-11-15,EQ017,10.3
2024-11-16,EQ017,4.3
2024-11-17,EQ017,7.9
2024-11-18,EQ017,1.2
2024-11-19,EQ017,7.4
2024-11-20,EQ017,5.3
2024-11-21,EQ017,9.0
2024-11-22,EQ017,3.0
2024-11-23,EQ017,6.5
2024-11-24,EQ017,10.9
2024-11-25,EQ017,6.0
2024-11-26,EQ017,2.3
2024-11-27,EQ017,8.8
2024-11-28,EQ017,6.2
2024-11-29,EQ017,7.4
2024-11-30,EQ017,5.8
2024-12-01,EQ017,13.9
2024-12-02,EQ017,3.3
2024-12-03,EQ017,16.5
2024-12-04,EQ017,6.8
2024-12-05,EQ017,8.6
2024-12-06,EQ017,6.3
2024-12-07,EQ017,6.2
2024-12-08,EQ017,5.6
2024-12-09,EQ017,9.8
2024-12-10,EQ017,3.8
2024-12-11,EQ017,9.1
2024-12-12,EQ017,1.4
2024-12-13,EQ017,8.8
2024-12-14,EQ017,10.5
2024-12-15,EQ017,4.2
2024-12-16,EQ017,10.0
2024-12-17,EQ017,8.2
2024-12-18,EQ017,12.8
2024-12-19,EQ017,5.4
2024-12-20,EQ017,16.4
2024-12-21,EQ017,0.8
2024-12-22,EQ017,7.0
2024-12-23,EQ017,2.9
2024-12-24,EQ017,13.6
2024-12-25,EQ017,7.2
2024-12-26,EQ017,7.5
2024-12-27,EQ017,9.3
2024-12-28,EQ017,8.0
2024-12-29,EQ017,0.0
2024-12-30,EQ017,6.2
2024-12-31,EQ017,4.2
2025-01-01,EQ017,8.5
2025-01-02,EQ017,9.1
2025-01-03,EQ017,10.1
2025-01-04,EQ017,13.7
2025-01-05,EQ017,1.5
2025-01-06,EQ017,7.8
2025-01-07,EQ017,11.6
2025-01-08,EQ017,7.6
2025-01-09,EQ017,1.0
2025-01-10,EQ017,4.1
2025-01-11,EQ017,9.0
2025-01-12,EQ017,8.9
2025-01-13,EQ017,10.0
2025-01-14,EQ017,5.7
2025-01-15,EQ017,8.8
2025-01-16,EQ017,5.2
2025-01-17,EQ017,8.8
2025-01-18,EQ017,8.2
2025-01-19,EQ017,5.5
2025-01-20,EQ017,12.7
2025-01-21,EQ017,2.9
2025-01-22,EQ017,7.6
2025-01-23,EQ017,5.5
2025-01-24,EQ017,13.5
2025-01-25,EQ017,9.8
2025-01-26,EQ017,6.1
2025-01-27,EQ017,7.2
2025-01-28,EQ017,13.6
2025-01-29,EQ017,0.0
2025-01-30,EQ017,5.2
2025-01-31,EQ017,2.7
2025-02-01,EQ017,8.9
2025-02-02,EQ017,8.9
2025-02-03,EQ017,10.0
2025-02-04,EQ017,10.0
2025-02-05,EQ017,13.3
2025-02-06,EQ017,2.8
2025-02-07,EQ017,4.4
2025-02-08,EQ017,10.0
2025-02-09,EQ017,4.7
2025-02-10,EQ017,3.6
2025-02-11,EQ017,13.6
2025-02-12,EQ017,0.0
2025-02-13,EQ017,3.1
2025-02-14,EQ017,6.9
2025-02-15,EQ017,7.8
2025-02-16,EQ017,11.9
2025-02-17,EQ017,2.4
2025-02-18,EQ017,9.2
2025-02-19,EQ017,5.3
2025-02-20,EQ017,9.9
2025-02-21,EQ017,5.3
2025-02-22,EQ017,12.7
2025-02-23,EQ017,5.3
2025-02-24,EQ017,0.6
2025-02-25,EQ017,5.6
2025-02-26,EQ017,7.2
2025-02-27,EQ017,11.2
2025-02-28,EQ017,4.2
2025-03-01,EQ017,4.3
2025-03-02,EQ017,10.9
2025-03-03,EQ017,3.9
2025-03-04,EQ017,7.5
2025-03-05,EQ017,7.5
2025-03-06,EQ017,8.7
2025-03-07,EQ017,5.8
2025-03-08,EQ017,5.2
2025-03-09,EQ017,9.0
2025-03-10,EQ017,5.3
2025-03-11,EQ017,3.9
2025-03-12,EQ017,0.0
2025-03-13,EQ017,11.7
2025-03-14,EQ017,9.5
2025-03-15,EQ017,13.3
2025-03-16,EQ017,10.4
2025-03-17,EQ017,4.2
2025-03-18,EQ017,8.3
2025-03-19,EQ017,5.0
2025-03-20,EQ017,3.0
2025-03-21,EQ017,6.7
2025-03-22,EQ017,10.9
2025-03-23,EQ017,8.8
2025-03-24,EQ017,3.8
2025-03-25,EQ017,6.6
2025-03-26,EQ017,7.6
2025-03-27,EQ017,2.9
2025-03-28,EQ017,10.1
2025-03-29,EQ017,7.3
2025-03-30,EQ017,3.8
2025-03-31,EQ017,3.7
2025-04-01,EQ017,11.3
2025-04-02,EQ017,6.9
2025-04-03,EQ017,11.6
2025-04-04,EQ017,12.7
2025-04-05,EQ017,11.1
2025-04-06,EQ017,6.4
2025-04-07,EQ017,0.5
2025-04-08,EQ017,8.9
2025-04-09,EQ017,0.0
2025-04-10,EQ017,14.3
2025-04-11,EQ017,7.9
2025-04-12,EQ017,2.0
2025-04-13,EQ017,6.0
2025-04-14,EQ017,7.4
2025-04-15,EQ017,4.7
2025-04-16,EQ017,0.3
2025-04-17,EQ017,7.7
2025-04-18,EQ017,5.6
2025-04-19,EQ017,13.3
2025-04-20,EQ017,8.3
2025-04-21,EQ017,9.4
2025-04-22,EQ017,7.6
2025-04-23,EQ017,8.3
2025-04-24,EQ017,3.0
2025-04-25,EQ017,4.9
2025-04-26,EQ017,11.3
2025-04-27,EQ017,8.6
2025-04-28,EQ017,6.8
2025-04-29,EQ017,9.5
2025-04-30,EQ017,9.5
2025-05-01,EQ017,14.0
2025-05-02,EQ017,8.5
2025-05-03,EQ017,4.8
2025-05-04,EQ017,7.7
2025-05-05,EQ017,9.8
2025-05-06,EQ017,11.0
2025-05-07,EQ017,3.2
2025-05-08,EQ017,8.8
2025-05-09,EQ017,5.3
2025-05-10,EQ017,6.3
2025-05-11,EQ017,10.5
2025-05-12,EQ017,10.2
2025-05-13,EQ017,6.0
2025-05-14,EQ017,7.5
2025-05-15,EQ017,6.4
2025-05-16,EQ017,16.7
2025-05-17,EQ017,8.8
2025-05-18,EQ017,5.5
2025-05-19,EQ017,12.0
2025-05-20,EQ017,12.1
2025-05-21,EQ017,13.4
2025-05-22,EQ017,14.3
2025-05-23,EQ017,10.1
2025-05-24,EQ017,7.0
2025-05-25,EQ017,7.4
2025-05-26,EQ017,7.1
2025-05-27,EQ017,6.8
2025-05-28,EQ017,11.7
2025-05-29,EQ017,8.0
2025-05-30,EQ017,10.9
2025-05-31,EQ017,10.0
2025-06-01,EQ017,4.7
2025-06-02,EQ017,2.8
2025-06-03,EQ017,4.3
2025-06-04,EQ017,6.7
2025-06-05,EQ017,8.4
2025-06-06,EQ017,6.1
2025-06-07,EQ017,10.1
2025-06-08,EQ017,6.4
2025-06-09,EQ017,8.8
2025-06-10,EQ017,8.4
2025-06-11,EQ017,13.2
2025-06-12,EQ017,5.1
2025-06-13,EQ017,14.6
2025-06-14,EQ017,6.2
2025-06-15,EQ017,4.0
2025-06-16,EQ017,7.3
2025-06-17,EQ017,17.7
2025-06-18,EQ017,10.7
2025-06-19,EQ017,9.8
2025-06-20,EQ017,10.4
2025-06-21,EQ017,5.7
2025-06-22,EQ017,9.0
2025-06-23,EQ017,8.0
2025-06-24,EQ017,13.4
2025-06-25,EQ017,0.0
2025-06-26,EQ017,7.7
2025-06-27,EQ017,6.9
2025-06-28,EQ017,4.5
2025-06-29,EQ017,8.4
2025-06-30,EQ017,8.9
2024-07-01,EQ018,4.4
2024-07-02,EQ018,0.0
2024-07-03,EQ018,9.4
2024-07-04,EQ018,8.7
2024-07-05,EQ018,11.0
2024-07-06,EQ018,11.6
2024-07-07,EQ018,8.3
2024-07-08,EQ018,4.9
2024-07-09,EQ018,5.5
2024-07-10,EQ018,13.3
2024-07-11,EQ018,8.5
2024-07-12,EQ018,13.2
2024-07-13,EQ018,9.5
2024-07-14,EQ018,10.3
2024-07-15,EQ018,10.8
2024-07-16,EQ018,4.3
2024-07-17,EQ018,8.9
2024-07-18,EQ018,4.3
2024-07-19,EQ018,7.1
2024-07-20,EQ018,9.9
2024-07-21,EQ018,4.9
2024-07-22,EQ018,9.7
2024-07-23,EQ018,3.5
2024-07-24,EQ018,11.4
2024-07-25,EQ018,6.0
2024-07-26,EQ018,0.0
2024-07-27,EQ018,0.0
2024-07-28,EQ018,4.9
2024-07-29,EQ018,3.7
2024-07-30,EQ018,6.3
2024-07-31,EQ018,0.0
2024-08-01,EQ018,2.3
2024-08-02,EQ018,6.4
2024-08-03,EQ018,11.3
2024-08-04,EQ018,7.4
2024-08-05,EQ018,4.5
2024-08-06,EQ018,8.7
2024-08-07,EQ018,8.4
2024-08-08,EQ018,13.9
2024-08-09,EQ018,10.4
2024-08-10,EQ018,8.9
2024-08-11,EQ018,10.7
2024-08-12,EQ018,7.6
2024-08-13,EQ018,7.8
2024-08-14,EQ018,13.0
2024-08-15,EQ018,0.0
2024-08-16,EQ018,3.1
2024-08-17,EQ018,10.9
2024-08-18,EQ018,7.7
2024-08-19,EQ018,7.1
2024-08-20,EQ018,6.3
2024-08-21,EQ018,8.5
2024-08-22,EQ018,7.9
2024-08-23,EQ018,6.8
2024-08-24,EQ018,5.9
2024-08-25,EQ018,2.3
2024-08-26,EQ018,5.8
2024-08-27,EQ018,6.5
2024-08-28,EQ018,8.5
2024-08-29,EQ018,13.9
2024-08-30,EQ018,6.2
2024-08-31,EQ018,4.9
2024-09-01,EQ018,5.9
2024-09-02,EQ018,8.5
2024-09-03,EQ018,9.8
2024-09-04,EQ018,10.2
2024-09-05,EQ018,10.5
2024-09-06,EQ018,10.9
2024-09-07,EQ018,7.2
2024-09-08,EQ018,14.2
2024-09-09,EQ018,6.9
2024-09-10,EQ018,8.3
2024-09-11,EQ018,11.9
2024-09-12,EQ018,9.7
2024-09-13,EQ018,0.0
2024-09-14,EQ018,1.3
2024-09-15,EQ018,8.0
2024-09-16,EQ018,10.6
2024-09-17,EQ018,4.0
2024-09-18,EQ018,10.3
2024-09-19,EQ018,9.2
2024-09-20,EQ018,11.6
2024-09-21,EQ018,5.9
2024-09-22,EQ018,11.0
2024-09-23,EQ018,8.5
2024-09-24,EQ018,13.3
2024-09-25,EQ018,16.4
2024-09-26,EQ018,12.6
2024-09-27,EQ018,9.4
2024-09-28,EQ018,15.0
2024-09-29,EQ018,9.8
2024-09-30,EQ018,5.3
2024-10-01,EQ018,7.9
2024-10-02,EQ018,10.3
2024-10-03,EQ018,10.5
2024-10-04,EQ018,4.6
2024-10-05,EQ018,4.7
2024-10-06,EQ018,7.0
2024-10-07,EQ018,9.6
2024-10-08,EQ018,0.0
2024-10-09,EQ018,10.0
2024-10-10,EQ018,8.4
2024-10-11,EQ018,5.5
2024-10-12,EQ018,13.2
2024-10-13,EQ018,4.8
2024-10-14,EQ018,11.9
2024-10-15,EQ018,10.2
2024-10-16,EQ018,11.8
2024-10-17,EQ018,6.7
2024-10-18,EQ018,7.6
2024-10-19,EQ018,8.2
2024-10-20,EQ018,6.6
2024-10-21,EQ018,8.7
2024-10-22,EQ018,12.7
2024-10-23,EQ018,4.1
2024-10-24,EQ018,6.0
2024-10-25,EQ018,5.7
2024-10-26,EQ018,7.7
2024-10-27,EQ018,7.6
2024-10-28,EQ018,10.3
2024-10-29,EQ018,8.1
2024-10-30,EQ018,8.9
2024-10-31,EQ018,9.2
2024-11-01,EQ018,8.7
2024-11-02,EQ018,10.1
2024-11-03,EQ018,7.6
2024-11-04,EQ018,12.9
2024-11-05,EQ018,15.6
2024-11-06,EQ018,10.1
2024-11-07,EQ018,8.7
2024-11-08,EQ018,9.9
2024-11-09,EQ018,4.7
2024-11-10,EQ018,8.5
2024-11-11,EQ018,5.8
2024-11-12,EQ018,9.5
2024-11-13,EQ018,5.8
2024-11-14,EQ018,7.0
2024-11-15,EQ018,2.4
2024-11-16,EQ018,4.5
2024-11-17,EQ018,0.0
2024-11-18,EQ018,9.1
2024-11-19,EQ018,5.4
2024-11-20,EQ018,11.2
2024-11-21,EQ018,5.1
2024-11-22,EQ018,9.4
2024-11-23,EQ018,5.7
2024-11-24,EQ018,9.2
2024-11-25,EQ018,3.4
2024-11-26,EQ018,6.6
2024-11-27,EQ018,0.0
2024-11-28,EQ018,5.5
2024-11-29,EQ018,10.6
2024-11-30,EQ018,9.4
2024-12-01,EQ018,4.3
2024-12-02,EQ018,7.4
2024-12-03,EQ018,5.7
2024-12-04,EQ018,10.9
2024-12-05,EQ018,11.8
2024-12-06,EQ018,3.7
2024-12-07,EQ018,10.5
2024-12-08,EQ018,5.5
2024-12-09,EQ018,7.2
2024-12-10,EQ018,8.1
2024-12-11,EQ018,13.4
2024-12-12,EQ018,5.0
2024-12-13,EQ018,10.5
2024-12-14,EQ018,4.5
2024-12-15,EQ018,4.3
2024-12-16,EQ018,8.1
2024-12-17,EQ018,8.1
2024-12-18,EQ018,0.0
2024-12-19,EQ018,11.5
2024-12-20,EQ018,1.6
2024-12-21,EQ018,7.6
2024-12-22,EQ018,12.0
2024-12-23,EQ018,14.6
2024-12-24,EQ018,6.9
2024-12-25,EQ018,3.7
2024-12-26,EQ018,11.9
2024-12-27,EQ018,10.6
2024-12-28,EQ018,6.5
2024-12-29,EQ018,6.2
2024-12-30,EQ018,5.8
2024-12-31,EQ018,7.0
2025-01-01,EQ018,8.9
2025-01-02,EQ018,6.3
2025-01-03,EQ018,6.7
2025-01-04,EQ018,9.9
2025-01-05,EQ018,3.6
2025-01-06,EQ018,6.9
2025-01-07,EQ018,3.0
2025-01-08,EQ018,8.3
2025-01-09,EQ018,2.2
2025-01-10,EQ018,10.7
2025-01-11,EQ018,4.1
2025-01-12,EQ018,2.7
2025-01-13,EQ018,6.9
2025-01-14,EQ018,13.1
2025-01-15,EQ018,0.0
2025-01-16,EQ018,10.1
2025-01-17,EQ018,2.2
2025-01-18,EQ018,4.0
2025-01-19,EQ018,6.8
2025-01-20,EQ018,14.7
2025-01-21,EQ018,5.2
2025-01-22,EQ018,5.2
2025-01-23,EQ018,12.6
2025-01-24,EQ018,8.6
2025-01-25,EQ018,11.2
2025-01-26,EQ018,5.8
2025-01-27,EQ018,7.7
2025-01-28,EQ018,11.9
2025-01-29,EQ018,7.6
2025-01-30,EQ018,11.4
2025-01-31,EQ018,9.2
2025-02-01,EQ018,4.9
2025-02-02,EQ018,8.0
2025-02-03,EQ018,10.9
2025-02-04,EQ018,10.0
2025-02-05,EQ018,7.9
2025-02-06,EQ018,2.3
2025-02-07,EQ018,2.6
2025-02-08,EQ018,3.3
2025-02-09,EQ018,6.5
2025-02-10,EQ018,6.9
2025-02-11,EQ018,3.6
2025-02-12,EQ018,11.1
2025-02-13,EQ018,4.2
2025-02-14,EQ018,3.9
2025-02-15,EQ018,8.3
2025-02-16,EQ018,0.0
2025-02-17,EQ018,10.9
2025-02-18,EQ018,14.2
2025-02-19,EQ018,9.7
2025-02-20,EQ018,12.7
2025-02-21,EQ018,4.4
2025-02-22,EQ018,14.5
2025-02-23,EQ018,2.4
2025-02-24,EQ018,6.5
2025-02-25,EQ018,9.7
2025-02-26,EQ018,3.2
2025-02-27,EQ018,5.2
2025-02-28,EQ018,4.7
2025-03-01,EQ018,7.1
2025-03-02,EQ018,12.3
2025-03-03,EQ018,8.1
2025-03-04,EQ018,6.6
2025-03-05,EQ018,0.0
2025-03-06,EQ018,0.0
2025-03-07,EQ018,9.4
2025-03-08,EQ018,10.4
2025-03-09,EQ018,2.9
2025-03-10,EQ018,7.8
2025-03-11,EQ018,8.6
2025-03-12,EQ018,10.9
2025-03-13,EQ018,5.8
2025-03-14,EQ018,5.4
2025-03-15,EQ018,6.6
2025-03-16,EQ018,11.9
2025-03-17,EQ018,11.1
2025-03-18,EQ018,7.9
2025-03-19,EQ018,11.1
2025-03-20,EQ018,0.9
2025-03-21,EQ018,10.4
2025-03-22,EQ018,4.6
2025-03-23,EQ018,13.3
2025-03-24,EQ018,4.8
2025-03-25,EQ018,5.4
2025-03-26,EQ018,9.7
2025-03-27,EQ018,10.0
2025-03-28,EQ018,6.7
2025-03-29,EQ018,9.1
2025-03-30,EQ018,9.5
2025-03-31,EQ018,9.2
2025-04-01,EQ018,6.8
2025-04-02,EQ018,9.5
2025-04-03,EQ018,12.2
2025-04-04,EQ018,4.3
2025-04-05,EQ018,5.5
2025-04-06,EQ018,8.1
2025-04-07,EQ018,4.8
2025-04-08,EQ018,2.6
2025-04-09,EQ018,11.3
2025-04-10,EQ018,1.3
2025-04-11,EQ018,6.8
2025-04-12,EQ018,10.3
2025-04-13,EQ018,8.8
2025-04-14,EQ018,6.8
2025-04-15,EQ018,4.7
2025-04-16,EQ018,9.0
2025-04-17,EQ018,5.0
2025-04-18,EQ018,8.8
2025-04-19,EQ018,8.4
2025-04-20,EQ018,8.5
2025-04-21,EQ018,6.1
2025-04-22,EQ018,14.1
2025-04-23,EQ018,9.1
2025-04-24,EQ018,7.2
2025-04-25,EQ018,8.8
2025-04-26,EQ018,5.7
2025-04-27,EQ018,6.8
2025-04-28,EQ018,15.2
2025-04-29,EQ018,5.7
2025-04-30,EQ018,7.8
2025-05-01,EQ018,6.6
2025-05-02,EQ018,4.9
2025-05-03,EQ018,9.3
2025-05-04,EQ018,8.1
2025-05-05,EQ018,10.7
2025-05-06,EQ018,10.4
2025-05-07,EQ018,10.7
2025-05-08,EQ018,5.2
2025-05-09,EQ018,9.9
2025-05-10,EQ018,10.0
2025-05-11,EQ018,4.9
2025-05-12,EQ018,7.0
2025-05-13,EQ018,3.6
2025-05-14,EQ018,10.0
2025-05-15,EQ018,10.0
2025-05-16,EQ018,12.3
2025-05-17,EQ018,7.3
2025-05-18,EQ018,9.4
2025-05-19,EQ018,11.0
2025-05-20,EQ018,5.7
2025-05-21,EQ018,0.0
2025-05-22,EQ018,5.3
2025-05-23,EQ018,5.8
2025-05-24,EQ018,7.0
2025-05-25,EQ018,5.4
2025-05-26,EQ018,6.0
2025-05-27,EQ018,10.6
2025-05-28,EQ018,7.7
2025-05-29,EQ018,8.9
2025-05-30,EQ018,6.3
2025-05-31,EQ018,6.2
2025-06-01,EQ018,8.9
2025-06-02,EQ018,8.4
2025-06-03,EQ018,10.3
2025-06-04,EQ018,11.9
2025-06-05,EQ018,5.9
2025-06-06,EQ018,10.6
2025-06-07,EQ018,4.8
2025-06-08,EQ018,14.2
2025-06-09,EQ018,0.0
2025-06-10,EQ018,5.6
2025-06-11,EQ018,10.1
2025-06-12,EQ018,4.7
2025-06-13,EQ018,7.5
2025-06-14,EQ018,12.6
2025-06-15,EQ018,5.5
2025-06-16,EQ018,14.6
2025-06-17,EQ018,8.0
2025-06-18,EQ018,10.9
2025-06-19,EQ018,9.2
2025-06-20,EQ018,9.4
2025-06-21,EQ018,3.7
2025-06-22,EQ018,6.6
2025-06-23,EQ018,11.6
2025-06-24,EQ018,7.0
2025-06-25,EQ018,8.4
2025-06-26,EQ018,3.4
2025-06-27,EQ018,0.0
2025-06-28,EQ018,6.4
2025-06-29,EQ018,11.4
2025-06-30,EQ018,4.2
2024-07-01,EQ019,10.2
2024-07-02,EQ019,8.5
2024-07-03,EQ019,7.3
2024-07-04,EQ019,7.2
2024-07-05,EQ019,6.5
2024-07-06,EQ019,6.8
2024-07-07,EQ019,10.8
2024-07-08,EQ019,6.7
2024-07-09,EQ019,13.4
2024-07-10,EQ019,8.9
2024-07-11,EQ019,6.3
2024-07-12,EQ019,10.9
2024-07-13,EQ019,9.9
2024-07-14,EQ019,3.0
2024-07-15,EQ019,4.9
2024-07-16,EQ019,7.7
2024-07-17,EQ019,3.2
2024-07-18,EQ019,14.3
2024-07-19,EQ019,10.5
2024-07-20,EQ019,0.0
2024-07-21,EQ019,8.0
2024-07-22,EQ019,7.0
2024-07-23,EQ019,6.2
2024-07-24,EQ019,2.1
2024-07-25,EQ019,2.8
2024-07-26,EQ019,0.0
2024-07-27,EQ019,13.7
2024-07-28,EQ019,12.7
2024-07-29,EQ019,6.3
2024-07-30,EQ019,10.7
2024-07-31,EQ019,9.5
2024-08-01,EQ019,9.9
2024-08-02,EQ019,3.7
2024-08-03,EQ019,2.6
2024-08-04,EQ019,11.5
2024-08-05,EQ019,2.1
2024-08-06,EQ019,7.6
2024-08-07,EQ019,6.9
2024-08-08,EQ019,6.6
2024-08-09,EQ019,8.9
2024-08-10,EQ019,6.0
2024-08-11,EQ019,9.2
2024-08-12,EQ019,8.4
2024-08-13,EQ019,14.3
2024-08-14,EQ019,3.8
2024-08-15,EQ019,8.1
2024-08-16,EQ019,9.3
2024-08-17,EQ019,7.2
2024-08-18,EQ019,4.0
2024-08-19,EQ019,11.8
2024-08-20,EQ019,0.0
2024-08-21,EQ019,9.0
2024-08-22,EQ019,4.2
2024-08-23,EQ019,9.3
2024-08-24,EQ019,13.1
2024-08-25,EQ019,7.9
2024-08-26,EQ019,8.0
2024-08-27,EQ019,12.7
2024-08-28,EQ019,5.1
2024-08-29,EQ019,13.2
2024-08-30,EQ019,10.9
2024-08-31,EQ019,5.2
2024-09-01,EQ019,6.0
2024-09-02,EQ019,6.4
2024-09-03,EQ019,0.0
2024-09-04,EQ019,2.5
2024-09-05,EQ019,8.8
2024-09-06,EQ019,5.4
2024-09-07,EQ019,8.9
2024-09-08,EQ019,4.1
2024-09-09,EQ019,10.8
2024-09-10,EQ019,10.2
2024-09-11,EQ019,5.9
2024-09-12,EQ019,9.1
2024-09-13,EQ019,0.0
2024-09-14,EQ019,8.2
2024-09-15,EQ019,12.4
2024-09-16,EQ019,4.9
2024-09-17,EQ019,7.5
2024-09-18,EQ019,6.1
2024-09-19,EQ019,8.1
2024-09-20,EQ019,9.6
2024-09-21,EQ019,6.0
2024-09-22,EQ019,6.9
2024-09-23,EQ019,10.9
2024-09-24,EQ019,12.1
2024-09-25,EQ019,9.5
2024-09-26,EQ019,7.6
2024-09-27,EQ019,7.3
2024-09-28,EQ019,9.6
2024-09-29,EQ019,8.7
2024-09-30,EQ019,3.1
2024-10-01,EQ019,9.7
2024-10-02,EQ019,5.4
2024-10-03,EQ019,3.7
2024-10-04,EQ019,3.0
2024-10-05,EQ019,7.4
2024-10-06,EQ019,5.0
2024-10-07,EQ019,1.0
2024-10-08,EQ019,6.9
2024-10-09,EQ019,6.5
2024-10-10,EQ019,7.6
2024-10-11,EQ019,6.1
2024-10-12,EQ019,13.5
2024-10-13,EQ019,9.6
2024-10-14,EQ019,6.5
2024-10-15,EQ019,7.8
2024-10-16,EQ019,12.2
2024-10-17,EQ019,10.9
2024-10-18,EQ019,3.8
2024-10-19,EQ019,5.1
2024-10-20,EQ019,5.7
2024-10-21,EQ019,0.0
2024-10-22,EQ019,6.7
2024-10-23,EQ019,6.2
2024-10-24,EQ019,8.1
2024-10-25,EQ019,10.2
2024-10-26,EQ019,10.7
2024-10-27,EQ019,7.0
2024-10-28,EQ019,3.1
2024-10-29,EQ019,4.9
2024-10-30,EQ019,6.4
2024-10-31,EQ019,4.3
2024-11-01,EQ019,11.4
2024-11-02,EQ019,4.5
2024-11-03,EQ019,9.9
2024-11-04,EQ019,3.0
2024-11-05,EQ019,10.0
2024-11-06,EQ019,7.6
2024-11-07,EQ019,12.5
2024-11-08,EQ019,4.6
2024-11-09,EQ019,0.0
2024-11-10,EQ019,6.3
2024-11-11,EQ019,0.0
2024-11-12,EQ019,6.9
2024-11-13,EQ019,7.5
2024-11-14,EQ019,7.0
2024-11-15,EQ019,7.0
2024-11-16,EQ019,7.0
2024-11-17,EQ019,1.8
2024-11-18,EQ019,11.0
2024-11-19,EQ019,16.6
2024-11-20,EQ019,8.9
2024-11-21,EQ019,4.6
2024-11-22,EQ019,4.9
2024-11-23,EQ019,9.8
2024-11-24,EQ019,9.2
2024-11-25,EQ019,7.1
2024-11-26,EQ019,10.3
2024-11-27,EQ019,1.8
2024-11-28,EQ019,10.3
2024-11-29,EQ019,8.7
2024-11-30,EQ019,5.0
2024-12-01,EQ019,3.7
2024-12-02,EQ019,8.4
2024-12-03,EQ019,12.2
2024-12-04,EQ019,7.3
2024-12-05,EQ019,5.4
2024-12-06,EQ019,8.6
2024-12-07,EQ019,13.5
2024-12-08,EQ019,9.3
2024-12-09,EQ019,9.6
2024-12-10,EQ019,11.7
2024-12-11,EQ019,9.4
2024-12-12,EQ019,5.7
2024-12-13,EQ019,0.0
2024-12-14,EQ019,2.8
2024-12-15,EQ019,5.2
2024-12-16,EQ019,4.7
2024-12-17,EQ019,10.0
2024-12-18,EQ019,10.4
2024-12-19,EQ019,8.5
2024-12-20,EQ019,4.2
2024-12-21,EQ019,13.4
2024-12-22,EQ019,6.8
2024-12-23,EQ019,9.8
2024-12-24,EQ019,8.1
2024-12-25,EQ019,8.6
2024-12-26,EQ019,9.7
2024-12-27,EQ019,5.9
2024-12-28,EQ019,11.9
2024-12-29,EQ019,3.3
2024-12-30,EQ019,0.0
2024-12-31,EQ019,4.9
2025-01-01,EQ019,0.0
2025-01-02,EQ019,11.9
2025-01-03,EQ019,9.8
2025-01-04,EQ019,15.6
2025-01-05,EQ019,8.2
2025-01-06,EQ019,13.1
2025-01-07,EQ019,2.4
2025-01-08,EQ019,3.8
2025-01-09,EQ019,10.7
2025-01-10,EQ019,2.8
2025-01-11,EQ019,7.4
2025-01-12,EQ019,11.5
2025-01-13,EQ019,9.5
2025-01-14,EQ019,0.0
2025-01-15,EQ019,8.0
2025-01-16,EQ019,6.7
2025-01-17,EQ019,8.6
2025-01-18,EQ019,9.7
2025-01-19,EQ019,6.0
2025-01-20,EQ019,9.1
2025-01-21,EQ019,11.2
2025-01-22,EQ019,7.3
2025-01-23,EQ019,8.2
2025-01-24,EQ019,9.5
2025-01-25,EQ019,9.7
2025-01-26,EQ019,0.0
2025-01-27,EQ019,10.6
2025-01-28,EQ019,5.0
2025-01-29,EQ019,6.4
2025-01-30,EQ019,6.5
2025-01-31,EQ019,5.3
2025-02-01,EQ019,2.6
2025-02-02,EQ019,0.0
2025-02-03,EQ019,11.6
2025-02-04,EQ019,3.3
2025-02-05,EQ019,12.7
2025-02-06,EQ019,10.2
2025-02-07,EQ019,6.8
2025-02-08,EQ019,9.8
2025-02-09,EQ019,9.3
2025-02-10,EQ019,4.7
2025-02-11,EQ019,8.0
2025-02-12,EQ019,5.1
2025-02-13,EQ019,10.0
2025-02-14,EQ019,5.9
2025-02-15,EQ019,7.7
2025-02-16,EQ019,7.6
2025-02-17,EQ019,8.4
2025-02-18,EQ019,13.0
2025-02-19,EQ019,7.3
2025-02-20,EQ019,11.7
2025-02-21,EQ019,9.4
2025-02-22,EQ019,12.3
2025-02-23,EQ019,0.0
2025-02-24,EQ019,7.0
2025-02-25,EQ019,10.1
2025-02-26,EQ019,7.8
2025-02-27,EQ019,0.0
2025-02-28,EQ019,4.7
2025-03-01,EQ019,9.7
2025-03-02,EQ019,9.5
2025-03-03,EQ019,4.1
2025-03-04,EQ019,8.7
2025-03-05,EQ019,9.5
2025-03-06,EQ019,7.9
2025-03-07,EQ019,10.2
2025-03-08,EQ019,9.8
2025-03-09,EQ019,7.9
2025-03-10,EQ019,6.5
2025-03-11,EQ019,11.1
2025-03-12,EQ019,9.4
2025-03-13,EQ019,3.9
2025-03-14,EQ019,8.7
2025-03-15,EQ019,4.5
2025-03-16,EQ019,5.1
2025-03-17,EQ019,6.0
2025-03-18,EQ019,8.1
2025-03-19,EQ019,9.1
2025-03-20,EQ019,6.8
2025-03-21,EQ019,6.9
2025-03-22,EQ019,6.5
2025-03-23,EQ019,11.1
2025-03-24,EQ019,0.0
2025-03-25,EQ019,7.1
2025-03-26,EQ019,12.6
2025-03-27,EQ019,9.6
2025-03-28,EQ019,0.0
2025-03-29,EQ019,0.0
2025-03-30,EQ019,11.8
2025-03-31,EQ019,1.9
2025-04-01,EQ019,4.3
2025-04-02,EQ019,9.5
2025-04-03,EQ019,12.7
2025-04-04,EQ019,0.0
2025-04-05,EQ019,4.6
2025-04-06,EQ019,6.8
2025-04-07,EQ019,9.2
2025-04-08,EQ019,3.6
2025-04-09,EQ019,9.6
2025-04-10,EQ019,-0.0
2025-04-11,EQ019,9.5
2025-04-12,EQ019,5.0
2025-04-13,EQ019,0.0
2025-04-14,EQ019,6.7
2025-04-15,EQ019,10.0
2025-04-16,EQ019,9.3
2025-04-17,EQ019,8.0
2025-04-18,EQ019,10.9
2025-04-19,EQ019,2.9
2025-04-20,EQ019,8.6
2025-04-21,EQ019,5.6
2025-04-22,EQ019,10.8
2025-04-23,EQ019,10.1
2025-04-24,EQ019,10.2
2025-04-25,EQ019,12.9
2025-04-26,EQ019,11.4
2025-04-27,EQ019,7.5
2025-04-28,EQ019,8.0
2025-04-29,EQ019,9.8
2025-04-30,EQ019,8.4
2025-05-01,EQ019,0.0
2025-05-02,EQ019,10.1
2025-05-03,EQ019,1.3
2025-05-04,EQ019,13.6
2025-05-05,EQ019,8.2
2025-05-06,EQ019,3.1
2025-05-07,EQ019,5.3
2025-05-08,EQ019,1.6
2025-05-09,EQ019,4.7
2025-05-10,EQ019,7.6
2025-05-11,EQ019,12.5
2025-05-12,EQ019,9.2
2025-05-13,EQ019,8.7
2025-05-14,EQ019,4.6
2025-05-15,EQ019,5.5
2025-05-16,EQ019,5.8
2025-05-17,EQ019,5.9
2025-05-18,EQ019,6.9
2025-05-19,EQ019,7.2
2025-05-20,EQ019,7.0
2025-05-21,EQ019,6.0
2025-05-22,EQ019,8.4
2025-05-23,EQ019,7.1
2025-05-24,EQ019,3.2
2025-05-25,EQ019,8.1
2025-05-26,EQ019,7.6
2025-05-27,EQ019,3.3
2025-05-28,EQ019,6.2
2025-05-29,EQ019,9.8
2025-05-30,EQ019,4.6
2025-05-31,EQ019,4.3
2025-06-01,EQ019,7.0
2025-06-02,EQ019,9.9
2025-06-03,EQ019,13.4
2025-06-04,EQ019,10.0
2025-06-05,EQ019,11.3
2025-06-06,EQ019,9.0
2025-06-07,EQ019,5.9
2025-06-08,EQ019,0.0
2025-06-09,EQ019,10.0
2025-06-10,EQ019,0.0
2025-06-11,EQ019,7.7
2025-06-12,EQ019,9.1
2025-06-13,EQ019,5.2
2025-06-14,EQ019,9.4
2025-06-15,EQ019,7.6
2025-06-16,EQ019,8.7
2025-06-17,EQ019,7.7
2025-06-18,EQ019,7.2
2025-06-19,EQ019,9.5
2025-06-20,EQ019,6.8
2025-06-21,EQ019,3.2
2025-06-22,EQ019,2.4
2025-06-23,EQ019,8.6
2025-06-24,EQ019,6.7
2025-06-25,EQ019,2.8
2025-06-26,EQ019,8.3
2025-06-27,EQ019,7.7
2025-06-28,EQ019,6.5
2025-06-29,EQ019,8.7
2025-06-30,EQ019,11.9
2024-07-01,EQ020,11.9
2024-07-02,EQ020,8.4
2024-07-03,EQ020,7.7
2024-07-04,EQ020,0.0
2024-07-05,EQ020,8.5
2024-07-06,EQ020,8.9
2024-07-07,EQ020,7.2
2024-07-08,EQ020,8.5
2024-07-09,EQ020,3.3
2024-07-10,EQ020,8.2
2024-07-11,EQ020,9.4
2024-07-12,EQ020,6.5
2024-07-13,EQ020,7.7
2024-07-14,EQ020,4.7
2024-07-15,EQ020,4.2
2024-07-16,EQ020,8.6
2024-07-17,EQ020,5.8
2024-07-18,EQ020,2.7
2024-07-19,EQ020,4.7
2024-07-20,EQ020,0.0
2024-07-21,EQ020,5.1
2024-07-22,EQ020,10.3
2024-07-23,EQ020,8.5
2024-07-24,EQ020,5.4
2024-07-25,EQ020,6.2
2024-07-26,EQ020,11.9
2024-07-27,EQ020,10.8
2024-07-28,EQ020,4.6
2024-07-29,EQ020,11.5
2024-07-30,EQ020,7.8
2024-07-31,EQ020,10.4
2024-08-01,EQ020,0.0
2024-08-02,EQ020,7.5
2024-08-03,EQ020,11.6
2024-08-04,EQ020,4.5
2024-08-05,EQ020,7.2
2024-08-06,EQ020,11.6
2024-08-07,EQ020,0.8
2024-08-08,EQ020,7.9
2024-08-09,EQ020,6.8
2024-08-10,EQ020,10.1
2024-08-11,EQ020,11.2
2024-08-12,EQ020,10.2
2024-08-13,EQ020,0.0
2024-08-14,EQ020,8.7
2024-08-15,EQ020,8.1
2024-08-16,EQ020,7.0
2024-08-17,EQ020,8.6
2024-08-18,EQ020,12.4
2024-08-19,EQ020,5.5
2024-08-20,EQ020,6.8
2024-08-21,EQ020,7.8
2024-08-22,EQ020,11.0
2024-08-23,EQ020,8.7
2024-08-24,EQ020,11.0
2024-08-25,EQ020,11.1
2024-08-26,EQ020,9.8
2024-08-27,EQ020,4.8
2024-08-28,EQ020,13.0
2024-08-29,EQ020,12.2
2024-08-30,EQ020,8.2
2024-08-31,EQ020,3.9
2024-09-01,EQ020,3.3
2024-09-02,EQ020,8.8
2024-09-03,EQ020,5.9
2024-09-04,EQ020,2.8
2024-09-05,EQ020,3.3
2024-09-06,EQ020,6.6
2024-09-07,EQ020,8.6
2024-09-08,EQ020,12.2
2024-09-09,EQ020,9.5
2024-09-10,EQ020,6.9
2024-09-11,EQ020,9.1
2024-09-12,EQ020,8.9
2024-09-13,EQ020,10.2
2024-09-14,EQ020,7.9
2024-09-15,EQ020,11.1
2024-09-16,EQ020,10.5
2024-09-17,EQ020,8.2
2024-09-18,EQ020,7.6
2024-09-19,EQ020,10.8
2024-09-20,EQ020,5.9
2024-09-21,EQ020,3.5
2024-09-22,EQ020,3.5
2024-09-23,EQ020,5.6
2024-09-24,EQ020,10.0
2024-09-25,EQ020,6.7
2024-09-26,EQ020,8.6
2024-09-27,EQ020,6.5
2024-09-28,EQ020,6.5
2024-09-29,EQ020,4.9
2024-09-30,EQ020,7.7
2024-10-01,EQ020,7.5
2024-10-02,EQ020,9.2
2024-10-03,EQ020,8.9
2024-10-04,EQ020,7.4
2024-10-05,EQ020,3.5
2024-10-06,EQ020,11.2
2024-10-07,EQ020,7.7
2024-10-08,EQ020,8.2
2024-10-09,EQ020,12.8
2024-10-10,EQ020,10.7
2024-10-11,EQ020,9.3
2024-10-12,EQ020,8.0
2024-10-13,EQ020,8.0
2024-10-14,EQ020,8.7
2024-10-15,EQ020,9.2
2024-10-16,EQ020,0.0
2024-10-17,EQ020,13.1
2024-10-18,EQ020,15.4
2024-10-19,EQ020,8.9
2024-10-20,EQ020,1.5
2024-10-21,EQ020,5.1
2024-10-22,EQ020,13.4
2024-10-23,EQ020,10.2
2024-10-24,EQ020,9.3
2024-10-25,EQ020,0.0
2024-10-26,EQ020,7.5
2024-10-27,EQ020,4.4
2024-10-28,EQ020,13.0
2024-10-29,EQ020,5.5
2024-10-30,EQ020,10.2
2024-10-31,EQ020,4.1
2024-11-01,EQ020,7.4
2024-11-02,EQ020,11.0
2024-11-03,EQ020,7.3
2024-11-04,EQ020,6.9
2024-11-05,EQ020,8.0
2024-11-06,EQ020,4.0
2024-11-07,EQ020,3.4
2024-11-08,EQ020,10.1
2024-11-09,EQ020,6.7
2024-11-10,EQ020,10.1
2024-11-11,EQ020,11.4
2024-11-12,EQ020,11.6
2024-11-13,EQ020,3.1
2024-11-14,EQ020,5.9
2024-11-15,EQ020,9.6
2024-11-16,EQ020,9.7
2024-11-17,EQ020,14.7
2024-11-18,EQ020,5.3
2024-11-19,EQ020,11.5
2024-11-20,EQ020,9.1
2024-11-21,EQ020,3.1
2024-11-22,EQ020,6.4
2024-11-23,EQ020,8.8
2024-11-24,EQ020,2.9
2024-11-25,EQ020,1.8
2024-11-26,EQ020,2.7
2024-11-27,EQ020,8.8
2024-11-28,EQ020,6.5
2024-11-29,EQ020,6.1
2024-11-30,EQ020,6.2
2024-12-01,EQ020,3.7
2024-12-02,EQ020,6.6
2024-12-03,EQ020,2.5
2024-12-04,EQ020,11.6
2024-12-05,EQ020,13.1
2024-12-06,EQ020,1.0
2024-12-07,EQ020,6.6
2024-12-08,EQ020,6.8
2024-12-09,EQ020,7.5
2024-12-10,EQ020,11.0
2024-12-11,EQ020,6.6
2024-12-12,EQ020,7.7
2024-12-13,EQ020,16.9
2024-12-14,EQ020,7.7
2024-12-15,EQ020,13.3
2024-12-16,EQ020,9.5
2024-12-17,EQ020,0.0
2024-12-18,EQ020,6.3
2024-12-19,EQ020,5.8
2024-12-20,EQ020,8.0
2024-12-21,EQ020,4.6
2024-12-22,EQ020,5.4
2024-12-23,EQ020,6.7
2024-12-24,EQ020,8.9
2024-12-25,EQ020,13.5
2024-12-26,EQ020,0.0
2024-12-27,EQ020,6.5
2024-12-28,EQ020,0.0
2024-12-29,EQ020,9.4
2024-12-30,EQ020,3.1
2024-12-31,EQ020,11.2
2025-01-01,EQ020,2.8
2025-01-02,EQ020,10.4
2025-01-03,EQ020,7.8
2025-01-04,EQ020,7.6
2025-01-05,EQ020,7.1
2025-01-06,EQ020,4.1
2025-01-07,EQ020,4.3
2025-01-08,EQ020,10.5
2025-01-09,EQ020,8.0
2025-01-10,EQ020,7.1
2025-01-11,EQ020,9.3
2025-01-12,EQ020,8.3
2025-01-13,EQ020,5.6
2025-01-14,EQ020,0.0
2025-01-15,EQ020,15.4
2025-01-16,EQ020,10.2
2025-01-17,EQ020,8.4
2025-01-18,EQ020,6.5
2025-01-19,EQ020,10.9
2025-01-20,EQ020,5.6
2025-01-21,EQ020,5.4
2025-01-22,EQ020,13.1
2025-01-23,EQ020,8.1
2025-01-24,EQ020,5.7
2025-01-25,EQ020,8.0
2025-01-26,EQ020,10.6
2025-01-27,EQ020,9.9
2025-01-28,EQ020,10.9
2025-01-29,EQ020,4.3
2025-01-30,EQ020,10.8
2025-01-31,EQ020,7.5
2025-02-01,EQ020,8.3
2025-02-02,EQ020,11.6
2025-02-03,EQ020,10.1
2025-02-04,EQ020,9.1
2025-02-05,EQ020,2.0
2025-02-06,EQ020,7.9
2025-02-07,EQ020,5.6
2025-02-08,EQ020,10.1
2025-02-09,EQ020,11.0
2025-02-10,EQ020,7.1
2025-02-11,EQ020,6.0
2025-02-12,EQ020,12.7
2025-02-13,EQ020,6.2
2025-02-14,EQ020,4.4
2025-02-15,EQ020,5.5
2025-02-16,EQ020,6.3
2025-02-17,EQ020,5.4
2025-02-18,EQ020,10.5
2025-02-19,EQ020,1.4
2025-02-20,EQ020,5.4
2025-02-21,EQ020,7.9
2025-02-22,EQ020,8.6
2025-02-23,EQ020,13.1
2025-02-24,EQ020,12.6
2025-02-25,EQ020,0.0
2025-02-26,EQ020,3.2
2025-02-27,EQ020,2.3
2025-02-28,EQ020,8.1
2025-03-01,EQ020,6.0
2025-03-02,EQ020,0.0
2025-03-03,EQ020,4.4
2025-03-04,EQ020,8.0
2025-03-05,EQ020,8.7
2025-03-06,EQ020,5.5
2025-03-07,EQ020,6.1
2025-03-08,EQ020,5.7
2025-03-09,EQ020,6.8
2025-03-10,EQ020,9.6
2025-03-11,EQ020,4.8
2025-03-12,EQ020,0.0
2025-03-13,EQ020,6.1
2025-03-14,EQ020,6.8
2025-03-15,EQ020,8.0
2025-03-16,EQ020,8.8
2025-03-17,EQ020,14.1
2025-03-18,EQ020,9.7
2025-03-19,EQ020,9.8
2025-03-20,EQ020,7.2
2025-03-21,EQ020,5.1
2025-03-22,EQ020,6.4
2025-03-23,EQ020,5.9
2025-03-24,EQ020,9.2
2025-03-25,EQ020,3.0
2025-03-26,EQ020,9.8
2025-03-27,EQ020,7.6
2025-03-28,EQ020,10.2
2025-03-29,EQ020,5.8
2025-03-30,EQ020,5.3
2025-03-31,EQ020,6.8
2025-04-01,EQ020,6.7
2025-04-02,EQ020,10.4
2025-04-03,EQ020,10.4
2025-04-04,EQ020,0.0
2025-04-05,EQ020,13.7
2025-04-06,EQ020,6.5
2025-04-07,EQ020,0.0
2025-04-08,EQ020,0.0
2025-04-09,EQ020,6.8
2025-04-10,EQ020,8.7
2025-04-11,EQ020,10.1
2025-04-12,EQ020,8.9
2025-04-13,EQ020,6.5
2025-04-14,EQ020,13.1
2025-04-15,EQ020,4.9
2025-04-16,EQ020,7.2
2025-04-17,EQ020,4.8
2025-04-18,EQ020,8.1
2025-04-19,EQ020,0.0
2025-04-20,EQ020,12.8
2025-04-21,EQ020,7.6
2025-04-22,EQ020,7.6
2025-04-23,EQ020,2.9
2025-04-24,EQ020,7.1
2025-04-25,EQ020,11.5
2025-04-26,EQ020,7.2
2025-04-27,EQ020,7.0
2025-04-28,EQ020,11.3
2025-04-29,EQ020,7.1
2025-04-30,EQ020,0.0
2025-05-01,EQ020,11.9
2025-05-02,EQ020,4.1
2025-05-03,EQ020,10.0
2025-05-04,EQ020,12.9
2025-05-05,EQ020,0.0
2025-05-06,EQ020,11.0
2025-05-07,EQ020,2.4
2025-05-08,EQ020,6.1
2025-05-09,EQ020,7.3
2025-05-10,EQ020,11.0
2025-05-11,EQ020,4.0
2025-05-12,EQ020,4.9
2025-05-13,EQ020,3.2
2025-05-14,EQ020,5.5
2025-05-15,EQ020,4.2
2025-05-16,EQ020,12.8
2025-05-17,EQ020,6.1
2025-05-18,EQ020,10.1
2025-05-19,EQ020,8.1
2025-05-20,EQ020,8.0
2025-05-21,EQ020,6.2
2025-05-22,EQ020,10.3
2025-05-23,EQ020,8.5
2025-05-24,EQ020,8.3
2025-05-25,EQ020,6.2
2025-05-26,EQ020,6.7
2025-05-27,EQ020,9.8
2025-05-28,EQ020,8.7
2025-05-29,EQ020,8.4
2025-05-30,EQ020,5.7
2025-05-31,EQ020,13.8
2025-06-01,EQ020,6.6
2025-06-02,EQ020,7.9
2025-06-03,EQ020,7.4
2025-06-04,EQ020,13.9
2025-06-05,EQ020,7.1
2025-06-06,EQ020,6.9
2025-06-07,EQ020,8.4
2025-06-08,EQ020,5.9
2025-06-09,EQ020,8.3
2025-06-10,EQ020,15.1
2025-06-11,EQ020,8.9
2025-06-12,EQ020,8.8
2025-06-13,EQ020,5.8
2025-06-14,EQ020,13.1
2025-06-15,EQ020,13.8
2025-06-16,EQ020,10.6
2025-06-17,EQ020,10.0
2025-06-18,EQ020,7.3
2025-06-19,EQ020,9.2
2025-06-20,EQ020,5.5
2025-06-21,EQ020,4.6
2025-06-22,EQ020,3.5
2025-06-23,EQ020,9.2
2025-06-24,EQ020,3.9
2025-06-25,EQ020,6.5
2025-06-26,EQ020,7.8
2025-06-27,EQ020,11.0
2025-06-28,EQ020,6.3
2025-06-29,EQ020,11.3
2025-06-30,EQ020,10.8
